-- phpMyAdmin SQL Dump
-- version 4.5.1
-- http://www.phpmyadmin.net
--
-- Host: 127.0.0.1
-- Generation Time: Nov 18, 2016 at 08:13 PM
-- Server version: 10.1.16-MariaDB
-- PHP Version: 7.0.9

SET SQL_MODE = "NO_AUTO_VALUE_ON_ZERO";
SET time_zone = "+00:00";


/*!40101 SET @OLD_CHARACTER_SET_CLIENT=@@CHARACTER_SET_CLIENT */;
/*!40101 SET @OLD_CHARACTER_SET_RESULTS=@@CHARACTER_SET_RESULTS */;
/*!40101 SET @OLD_COLLATION_CONNECTION=@@COLLATION_CONNECTION */;
/*!40101 SET NAMES utf8mb4 */;

--
-- Database: `my_doctor`
--

-- --------------------------------------------------------

--
-- Table structure for table `dept`
--

CREATE TABLE `dept` (
  `id` int(11) NOT NULL,
  `name` varchar(20) NOT NULL
) ENGINE=InnoDB DEFAULT CHARSET=latin1;

--
-- Dumping data for table `dept`
--

INSERT INTO `dept` (`id`, `name`) VALUES
(0, 'Patient'),
(1, 'Cardiology'),
(2, 'ENT'),
(3, 'Haematology'),
(4, 'Neurology'),
(5, ' Physiotherapy'),
(6, 'Nutrition'),
(7, 'Diabetes'),
(8, 'Medicine');

-- --------------------------------------------------------

--
-- Table structure for table `doctor`
--

CREATE TABLE `doctor` (
  `id` varchar(15) NOT NULL,
  `dept_id` int(11) NOT NULL DEFAULT '0',
  `time_slot` varchar(24) NOT NULL DEFAULT '0',
  `f_name` varchar(20) NOT NULL,
  `l_name` varchar(20) NOT NULL,
  `phn` varchar(20) NOT NULL,
  `bkash` varchar(11) NOT NULL DEFAULT '-1',
  `username` varchar(50) NOT NULL,
  `password` varchar(60) NOT NULL,
  `image` varchar(20) NOT NULL DEFAULT 'default.png'
) ENGINE=InnoDB DEFAULT CHARSET=latin1;

--
-- Dumping data for table `doctor`
--

INSERT INTO `doctor` (`id`, `dept_id`, `time_slot`, `f_name`, `l_name`, `phn`, `bkash`, `username`, `password`, `image`) VALUES
('160820032654', 1, '080910141516', 'Sayeed', 'Hasan', '01611232062', '-1', 'sayeedhasan169@gmail.com', '$2y$10$hE5UvkrYH2UyE.KIQ2UlnOrZzI/CXEd.qCVWE/3bfqtv5191f6yyK', '160820032654.jpeg'),
('160821121720', 1, '111213171819', 'Hasan', 'Sayeed', '01869506451', '-1', 'sayeedhasan169@hotmail.com', '$2y$10$TKJYuzE.TOCLXaHf2yonl.irSa.1tCmXSkXXeahQ4aK2snp/Lqlnm', 'default.png'),
('161103095631', 2, '121314152021', 'Ashraf', 'Hasan', '0100000', '-1', 'ashraf@gmail.com', '$2y$10$5ggz5rGuV9xbPfzo8jupj.3WKE8bX02xy/mpYLKBbn3WEOVmxmpay', '161103095631.jpg'),
('161103095752', 2, '080910141516', 'Hasan', 'Seraji', '0100000', '-1', 'ashraf@gmail.com', '$2y$10$k0V9CZJ52bmxNMFNE1f1mOSQYVE4h8NFtb4r3S4x8t5JynlhlbNPi', 'default.png'),
('161103095817', 2, '111213171819', 'Seeraji', 'Ashraf', '0100000', '-1', 'ashraf@gmail.com', '$2y$10$FEfKQ1qs62RFIkpomlj/Nu.eSUB7Wl4pn/PqKzJK5fS9ZlVw7dIRa', 'default.png'),
('161103095858', 3, '080910141516', 'Shuvodeep', 'Biswash', '01700000000', '-1', 'shuvodeep20@gmail.com', '$2y$10$37J.8kwS4RmDbzkevz9dq.5B3snrPDhaRHzUHst5ducsW84qmSvkS', 'default.png'),
('161103095922', 3, '111213171819', 'Biswash', 'Shuvodeep', '01700000000', '-1', 'shuvodeep20@gmail.com', '$2y$10$CGHPrZZPM7jmJbhc/mLwqehwpZBNXDJOAGKjCWpEgXXMWvIqo3nw6', 'default.png'),
('161103100035', 4, '080910141516', 'Abu', 'Bakkar', '01900000000', '-1', 'mail.bakkar@gmail.com', '$2y$10$anjL3Q6SGlhCnLEuzUk/T.y8ZVD6gyEdgYI1yQHe537.btcqSP3Mu', 'default.png'),
('161103100115', 4, '111213171819', 'Bakkar', 'Siddq', '01900000000', '-1', 'mail.bakkar@gmail.com', '$2y$10$IWCnG0hhpwhUdgzd75XF..TDXXpeA5Le55nTbnjD/BITSz4sf3bAO', 'default.png'),
('161103100320', 4, '121314152021', 'Siddiq', 'Abu', '01900000000', '-1', 'mail.bakkar@gmail.com', '$2y$10$rJLvtdu3i2B3.8PAzhSije0TXVLfXrrTRfCRGKAo0AMqYiYUZw24O', 'default.png'),
('161103100445', 5, '080910141516', 'Satabdi', 'Rani', '01600000000', '-1', 'satabdi@gmail.com', '$2y$10$HPexSK3MCoA7gqCri5CdJOIyQx81XHQksfJlFPOGTL67JdDVSb8eu', 'default.png'),
('161103100509', 5, '111213171819', 'Debi', 'Rani', '01600000000', '-1', 'satabdi@gmail.com', '$2y$10$Igwloy8zur/v509PhriD4em4hm.f5Tw8jh3jyroBBNwm4TB2cfat.', 'default.png'),
('161103100537', 5, '121314152021', 'Rani', 'Satabdi', '01600000000', '-1', 'satabdi@gmail.com', '$2y$10$C/GMI50UmPeQBQT3kXz11.l3C9UCVeuFiZ26.QDLO0X/Vv8hRbDFG', 'default.png'),
('161103100723', 6, '080910141516', 'Mashrur', 'Maskab', '0150000000', '-1', 'mashrur@gmail.com', '$2y$10$S0BUZF8BAJ2r98DrEBebe.d8Kb2rnVZECb9RTdASE16.0cO.oEoNG', 'default.png'),
('161103100747', 6, '111213171819', 'Maskab', 'Utsash', '0150000000', '-1', 'mashrur@gmail.com', '$2y$10$iRat3U27vR40xgVBxobNMOGSbPhBioXQdyID1/WP6bIThsJY37fVe', 'default.png'),
('161103100809', 6, '121314152021', 'Utsash', 'Mashrur', '01900000000', '-1', 'mashrur@gmail.com', '$2y$10$WXI1t80mfRhAJkJWsKwlxOtPtyyN5c1kNXdAj7LMbYvyJk/fDS636', 'default.png'),
('161103100903', 7, '101112161718202122', 'Shela', 'Kijawani', '01XXXXXXXXX', '-1', 'shela.kijawani@hotmail.com', '$2y$10$bNwwnpbwjNECsox1rSVjB.6/3Ym71.eOC6bH1mknCoA7SU6kFoSCO', 'default.png'),
('161104104622', 0, '0', 'Dr.', 'Strange', '', '-1', 'dr.strange.gmail.com', '$2y$10$rfRzX0BLQOW8G0FPwlbCT./u16u/WHoz.83Jr0LL98XIQJAmB4b2.', 'default.png'),
('161106074110', 0, '0', 'Sayeed', 'Hasan', '', '-1', 'sayeedhasan@gmail.com', '$2y$10$X7.uwcRYE5zR9GNsehBOY.GWVLLwiV04iFcNVv133jiaUsxrYU1Me', 'default.png'),
('161108023130', 0, '0', 'Sajid', 'Hasan', '01552318974', '-1', 'sajid@gmail.com', '$2y$10$2rA2T4l03l9QZtCDzpZufedZ2MR3nJ3I05Cw3auJIDrLIYLTwLst.', 'default.png'),
('161114095443', 0, '0', 'Regular', 'Patient', '01234567890', '0', 'patient@test.com', '$2y$10$E6A0nwggelWMk.zqctKNNOAPtLG9hjn4u27lSimYbsYMvrCNe15GC', 'default.png'),
('161115104715', 8, '10111213181920', 'Doctor', 'Test', '01234567890', '-1', 'doctor@test.com', '$2y$10$mtRGas32snS2NsRfQAbSK.iz5EfhYgU5H3tZyIGFBQTu0GDJHrX3G', 'default.png');

-- --------------------------------------------------------

--
-- Table structure for table `t011216`
--

CREATE TABLE `t011216` (
  `id` varchar(15) NOT NULL,
  `total` int(11) DEFAULT '0',
  `dept` int(11) DEFAULT NULL,
  `time_slot` varchar(24) DEFAULT NULL,
  `t00` varchar(45) DEFAULT '0',
  `t01` varchar(45) DEFAULT '0',
  `t02` varchar(45) DEFAULT '0',
  `t03` varchar(45) DEFAULT '0',
  `t04` varchar(45) DEFAULT '0',
  `t05` varchar(45) DEFAULT '0',
  `t06` varchar(45) DEFAULT '0',
  `t07` varchar(45) DEFAULT '0',
  `t08` varchar(45) DEFAULT '0',
  `t09` varchar(45) DEFAULT '0',
  `t10` varchar(45) DEFAULT '0',
  `t11` varchar(45) DEFAULT '0',
  `t12` varchar(45) DEFAULT '0',
  `t13` varchar(45) DEFAULT '0',
  `t14` varchar(45) DEFAULT '0',
  `t15` varchar(45) DEFAULT '0',
  `t16` varchar(45) DEFAULT '0',
  `t17` varchar(45) DEFAULT '0',
  `t18` varchar(45) DEFAULT '0',
  `t19` varchar(45) DEFAULT '0',
  `t20` varchar(45) DEFAULT '0',
  `t21` varchar(45) DEFAULT '0',
  `t22` varchar(45) DEFAULT '0',
  `t23` varchar(45) DEFAULT '0'
) ENGINE=InnoDB DEFAULT CHARSET=latin1;

--
-- Dumping data for table `t011216`
--

INSERT INTO `t011216` (`id`, `total`, `dept`, `time_slot`, `t00`, `t01`, `t02`, `t03`, `t04`, `t05`, `t06`, `t07`, `t08`, `t09`, `t10`, `t11`, `t12`, `t13`, `t14`, `t15`, `t16`, `t17`, `t18`, `t19`, `t20`, `t21`, `t22`, `t23`) VALUES
('160820032654', 0, 1, '080910141516', '0', '0', '0', '0', '0', '0', '0', '0', '0', '0', '0', '0', '0', '0', '0', '0', '0', '0', '0', '0', '0', '0', '0', '0'),
('160821121720', 0, 1, '111213171819', '0', '0', '0', '0', '0', '0', '0', '0', '0', '0', '0', '0', '0', '0', '0', '0', '0', '0', '0', '0', '0', '0', '0', '0'),
('161103095631', 0, 2, '121314152021', '0', '0', '0', '0', '0', '0', '0', '0', '0', '0', '0', '0', '0', '0', '0', '0', '0', '0', '0', '0', '0', '0', '0', '0'),
('161103095752', 0, 2, '080910141516', '0', '0', '0', '0', '0', '0', '0', '0', '0', '0', '0', '0', '0', '0', '0', '0', '0', '0', '0', '0', '0', '0', '0', '0'),
('161103095817', 0, 2, '111213171819', '0', '0', '0', '0', '0', '0', '0', '0', '0', '0', '0', '0', '0', '0', '0', '0', '0', '0', '0', '0', '0', '0', '0', '0'),
('161103095858', 0, 3, '080910141516', '0', '0', '0', '0', '0', '0', '0', '0', '0', '0', '0', '0', '0', '0', '0', '0', '0', '0', '0', '0', '0', '0', '0', '0'),
('161103095922', 0, 3, '111213171819', '0', '0', '0', '0', '0', '0', '0', '0', '0', '0', '0', '0', '0', '0', '0', '0', '0', '0', '0', '0', '0', '0', '0', '0'),
('161103100035', 0, 4, '080910141516', '0', '0', '0', '0', '0', '0', '0', '0', '0', '0', '0', '0', '0', '0', '0', '0', '0', '0', '0', '0', '0', '0', '0', '0'),
('161103100115', 0, 4, '111213171819', '0', '0', '0', '0', '0', '0', '0', '0', '0', '0', '0', '0', '0', '0', '0', '0', '0', '0', '0', '0', '0', '0', '0', '0'),
('161103100320', 0, 4, '121314152021', '0', '0', '0', '0', '0', '0', '0', '0', '0', '0', '0', '0', '0', '0', '0', '0', '0', '0', '0', '0', '0', '0', '0', '0'),
('161103100445', 0, 5, '080910141516', '0', '0', '0', '0', '0', '0', '0', '0', '0', '0', '0', '0', '0', '0', '0', '0', '0', '0', '0', '0', '0', '0', '0', '0'),
('161103100509', 0, 5, '111213171819', '0', '0', '0', '0', '0', '0', '0', '0', '0', '0', '0', '0', '0', '0', '0', '0', '0', '0', '0', '0', '0', '0', '0', '0'),
('161103100537', 0, 5, '121314152021', '0', '0', '0', '0', '0', '0', '0', '0', '0', '0', '0', '0', '0', '0', '0', '0', '0', '0', '0', '0', '0', '0', '0', '0'),
('161103100723', 0, 6, '080910141516', '0', '0', '0', '0', '0', '0', '0', '0', '0', '0', '0', '0', '0', '0', '0', '0', '0', '0', '0', '0', '0', '0', '0', '0'),
('161103100747', 0, 6, '111213171819', '0', '0', '0', '0', '0', '0', '0', '0', '0', '0', '0', '0', '0', '0', '0', '0', '0', '0', '0', '0', '0', '0', '0', '0'),
('161103100809', 0, 6, '121314152021', '0', '0', '0', '0', '0', '0', '0', '0', '0', '0', '0', '0', '0', '0', '0', '0', '0', '0', '0', '0', '0', '0', '0', '0'),
('161103100903', 0, 7, '101112161718202122', '0', '0', '0', '0', '0', '0', '0', '0', '0', '0', '0', '0', '0', '0', '0', '0', '0', '0', '0', '0', '0', '0', '0', '0'),
('161115104715', 0, 8, '10111213181920', '0', '0', '0', '0', '0', '0', '0', '0', '0', '0', '0', '0', '0', '0', '0', '0', '0', '0', '0', '0', '0', '0', '0', '0');

-- --------------------------------------------------------

--
-- Table structure for table `t021216`
--

CREATE TABLE `t021216` (
  `id` varchar(15) NOT NULL,
  `total` int(11) DEFAULT '0',
  `dept` int(11) DEFAULT NULL,
  `time_slot` varchar(24) DEFAULT NULL,
  `t00` varchar(45) DEFAULT '0',
  `t01` varchar(45) DEFAULT '0',
  `t02` varchar(45) DEFAULT '0',
  `t03` varchar(45) DEFAULT '0',
  `t04` varchar(45) DEFAULT '0',
  `t05` varchar(45) DEFAULT '0',
  `t06` varchar(45) DEFAULT '0',
  `t07` varchar(45) DEFAULT '0',
  `t08` varchar(45) DEFAULT '0',
  `t09` varchar(45) DEFAULT '0',
  `t10` varchar(45) DEFAULT '0',
  `t11` varchar(45) DEFAULT '0',
  `t12` varchar(45) DEFAULT '0',
  `t13` varchar(45) DEFAULT '0',
  `t14` varchar(45) DEFAULT '0',
  `t15` varchar(45) DEFAULT '0',
  `t16` varchar(45) DEFAULT '0',
  `t17` varchar(45) DEFAULT '0',
  `t18` varchar(45) DEFAULT '0',
  `t19` varchar(45) DEFAULT '0',
  `t20` varchar(45) DEFAULT '0',
  `t21` varchar(45) DEFAULT '0',
  `t22` varchar(45) DEFAULT '0',
  `t23` varchar(45) DEFAULT '0'
) ENGINE=InnoDB DEFAULT CHARSET=latin1;

--
-- Dumping data for table `t021216`
--

INSERT INTO `t021216` (`id`, `total`, `dept`, `time_slot`, `t00`, `t01`, `t02`, `t03`, `t04`, `t05`, `t06`, `t07`, `t08`, `t09`, `t10`, `t11`, `t12`, `t13`, `t14`, `t15`, `t16`, `t17`, `t18`, `t19`, `t20`, `t21`, `t22`, `t23`) VALUES
('160820032654', 0, 1, '080910141516', '0', '0', '0', '0', '0', '0', '0', '0', '0', '0', '0', '0', '0', '0', '0', '0', '0', '0', '0', '0', '0', '0', '0', '0'),
('160821121720', 0, 1, '111213171819', '0', '0', '0', '0', '0', '0', '0', '0', '0', '0', '0', '0', '0', '0', '0', '0', '0', '0', '0', '0', '0', '0', '0', '0'),
('161103095631', 0, 2, '121314152021', '0', '0', '0', '0', '0', '0', '0', '0', '0', '0', '0', '0', '0', '0', '0', '0', '0', '0', '0', '0', '0', '0', '0', '0'),
('161103095752', 0, 2, '080910141516', '0', '0', '0', '0', '0', '0', '0', '0', '0', '0', '0', '0', '0', '0', '0', '0', '0', '0', '0', '0', '0', '0', '0', '0'),
('161103095817', 0, 2, '111213171819', '0', '0', '0', '0', '0', '0', '0', '0', '0', '0', '0', '0', '0', '0', '0', '0', '0', '0', '0', '0', '0', '0', '0', '0'),
('161103095858', 0, 3, '080910141516', '0', '0', '0', '0', '0', '0', '0', '0', '0', '0', '0', '0', '0', '0', '0', '0', '0', '0', '0', '0', '0', '0', '0', '0'),
('161103095922', 0, 3, '111213171819', '0', '0', '0', '0', '0', '0', '0', '0', '0', '0', '0', '0', '0', '0', '0', '0', '0', '0', '0', '0', '0', '0', '0', '0'),
('161103100035', 0, 4, '080910141516', '0', '0', '0', '0', '0', '0', '0', '0', '0', '0', '0', '0', '0', '0', '0', '0', '0', '0', '0', '0', '0', '0', '0', '0'),
('161103100115', 0, 4, '111213171819', '0', '0', '0', '0', '0', '0', '0', '0', '0', '0', '0', '0', '0', '0', '0', '0', '0', '0', '0', '0', '0', '0', '0', '0'),
('161103100320', 0, 4, '121314152021', '0', '0', '0', '0', '0', '0', '0', '0', '0', '0', '0', '0', '0', '0', '0', '0', '0', '0', '0', '0', '0', '0', '0', '0'),
('161103100445', 0, 5, '080910141516', '0', '0', '0', '0', '0', '0', '0', '0', '0', '0', '0', '0', '0', '0', '0', '0', '0', '0', '0', '0', '0', '0', '0', '0'),
('161103100509', 0, 5, '111213171819', '0', '0', '0', '0', '0', '0', '0', '0', '0', '0', '0', '0', '0', '0', '0', '0', '0', '0', '0', '0', '0', '0', '0', '0'),
('161103100537', 0, 5, '121314152021', '0', '0', '0', '0', '0', '0', '0', '0', '0', '0', '0', '0', '0', '0', '0', '0', '0', '0', '0', '0', '0', '0', '0', '0'),
('161103100723', 0, 6, '080910141516', '0', '0', '0', '0', '0', '0', '0', '0', '0', '0', '0', '0', '0', '0', '0', '0', '0', '0', '0', '0', '0', '0', '0', '0'),
('161103100747', 0, 6, '111213171819', '0', '0', '0', '0', '0', '0', '0', '0', '0', '0', '0', '0', '0', '0', '0', '0', '0', '0', '0', '0', '0', '0', '0', '0'),
('161103100809', 0, 6, '121314152021', '0', '0', '0', '0', '0', '0', '0', '0', '0', '0', '0', '0', '0', '0', '0', '0', '0', '0', '0', '0', '0', '0', '0', '0'),
('161103100903', 0, 7, '101112161718202122', '0', '0', '0', '0', '0', '0', '0', '0', '0', '0', '0', '0', '0', '0', '0', '0', '0', '0', '0', '0', '0', '0', '0', '0'),
('161115104715', 0, 8, '10111213181920', '0', '0', '0', '0', '0', '0', '0', '0', '0', '0', '0', '0', '0', '0', '0', '0', '0', '0', '0', '0', '0', '0', '0', '0');

-- --------------------------------------------------------

--
-- Table structure for table `t031216`
--

CREATE TABLE `t031216` (
  `id` varchar(15) NOT NULL,
  `total` int(11) DEFAULT '0',
  `dept` int(11) DEFAULT NULL,
  `time_slot` varchar(24) DEFAULT NULL,
  `t00` varchar(45) DEFAULT '0',
  `t01` varchar(45) DEFAULT '0',
  `t02` varchar(45) DEFAULT '0',
  `t03` varchar(45) DEFAULT '0',
  `t04` varchar(45) DEFAULT '0',
  `t05` varchar(45) DEFAULT '0',
  `t06` varchar(45) DEFAULT '0',
  `t07` varchar(45) DEFAULT '0',
  `t08` varchar(45) DEFAULT '0',
  `t09` varchar(45) DEFAULT '0',
  `t10` varchar(45) DEFAULT '0',
  `t11` varchar(45) DEFAULT '0',
  `t12` varchar(45) DEFAULT '0',
  `t13` varchar(45) DEFAULT '0',
  `t14` varchar(45) DEFAULT '0',
  `t15` varchar(45) DEFAULT '0',
  `t16` varchar(45) DEFAULT '0',
  `t17` varchar(45) DEFAULT '0',
  `t18` varchar(45) DEFAULT '0',
  `t19` varchar(45) DEFAULT '0',
  `t20` varchar(45) DEFAULT '0',
  `t21` varchar(45) DEFAULT '0',
  `t22` varchar(45) DEFAULT '0',
  `t23` varchar(45) DEFAULT '0'
) ENGINE=InnoDB DEFAULT CHARSET=latin1;

--
-- Dumping data for table `t031216`
--

INSERT INTO `t031216` (`id`, `total`, `dept`, `time_slot`, `t00`, `t01`, `t02`, `t03`, `t04`, `t05`, `t06`, `t07`, `t08`, `t09`, `t10`, `t11`, `t12`, `t13`, `t14`, `t15`, `t16`, `t17`, `t18`, `t19`, `t20`, `t21`, `t22`, `t23`) VALUES
('160820032654', 0, 1, '080910141516', '0', '0', '0', '0', '0', '0', '0', '0', '0', '0', '0', '0', '0', '0', '0', '0', '0', '0', '0', '0', '0', '0', '0', '0'),
('160821121720', 0, 1, '111213171819', '0', '0', '0', '0', '0', '0', '0', '0', '0', '0', '0', '0', '0', '0', '0', '0', '0', '0', '0', '0', '0', '0', '0', '0'),
('161103095631', 0, 2, '121314152021', '0', '0', '0', '0', '0', '0', '0', '0', '0', '0', '0', '0', '0', '0', '0', '0', '0', '0', '0', '0', '0', '0', '0', '0'),
('161103095752', 0, 2, '080910141516', '0', '0', '0', '0', '0', '0', '0', '0', '0', '0', '0', '0', '0', '0', '0', '0', '0', '0', '0', '0', '0', '0', '0', '0'),
('161103095817', 0, 2, '111213171819', '0', '0', '0', '0', '0', '0', '0', '0', '0', '0', '0', '0', '0', '0', '0', '0', '0', '0', '0', '0', '0', '0', '0', '0'),
('161103095858', 0, 3, '080910141516', '0', '0', '0', '0', '0', '0', '0', '0', '0', '0', '0', '0', '0', '0', '0', '0', '0', '0', '0', '0', '0', '0', '0', '0'),
('161103095922', 0, 3, '111213171819', '0', '0', '0', '0', '0', '0', '0', '0', '0', '0', '0', '0', '0', '0', '0', '0', '0', '0', '0', '0', '0', '0', '0', '0'),
('161103100035', 0, 4, '080910141516', '0', '0', '0', '0', '0', '0', '0', '0', '0', '0', '0', '0', '0', '0', '0', '0', '0', '0', '0', '0', '0', '0', '0', '0'),
('161103100115', 0, 4, '111213171819', '0', '0', '0', '0', '0', '0', '0', '0', '0', '0', '0', '0', '0', '0', '0', '0', '0', '0', '0', '0', '0', '0', '0', '0'),
('161103100320', 0, 4, '121314152021', '0', '0', '0', '0', '0', '0', '0', '0', '0', '0', '0', '0', '0', '0', '0', '0', '0', '0', '0', '0', '0', '0', '0', '0'),
('161103100445', 0, 5, '080910141516', '0', '0', '0', '0', '0', '0', '0', '0', '0', '0', '0', '0', '0', '0', '0', '0', '0', '0', '0', '0', '0', '0', '0', '0'),
('161103100509', 0, 5, '111213171819', '0', '0', '0', '0', '0', '0', '0', '0', '0', '0', '0', '0', '0', '0', '0', '0', '0', '0', '0', '0', '0', '0', '0', '0'),
('161103100537', 0, 5, '121314152021', '0', '0', '0', '0', '0', '0', '0', '0', '0', '0', '0', '0', '0', '0', '0', '0', '0', '0', '0', '0', '0', '0', '0', '0'),
('161103100723', 0, 6, '080910141516', '0', '0', '0', '0', '0', '0', '0', '0', '0', '0', '0', '0', '0', '0', '0', '0', '0', '0', '0', '0', '0', '0', '0', '0'),
('161103100747', 0, 6, '111213171819', '0', '0', '0', '0', '0', '0', '0', '0', '0', '0', '0', '0', '0', '0', '0', '0', '0', '0', '0', '0', '0', '0', '0', '0'),
('161103100809', 0, 6, '121314152021', '0', '0', '0', '0', '0', '0', '0', '0', '0', '0', '0', '0', '0', '0', '0', '0', '0', '0', '0', '0', '0', '0', '0', '0'),
('161103100903', 0, 7, '101112161718202122', '0', '0', '0', '0', '0', '0', '0', '0', '0', '0', '0', '0', '0', '0', '0', '0', '0', '0', '0', '0', '0', '0', '0', '0'),
('161115104715', 0, 8, '10111213181920', '0', '0', '0', '0', '0', '0', '0', '0', '0', '0', '0', '0', '0', '0', '0', '0', '0', '0', '0', '0', '0', '0', '0', '0');

-- --------------------------------------------------------

--
-- Table structure for table `t041216`
--

CREATE TABLE `t041216` (
  `id` varchar(15) NOT NULL,
  `total` int(11) DEFAULT '0',
  `dept` int(11) DEFAULT NULL,
  `time_slot` varchar(24) DEFAULT NULL,
  `t00` varchar(45) DEFAULT '0',
  `t01` varchar(45) DEFAULT '0',
  `t02` varchar(45) DEFAULT '0',
  `t03` varchar(45) DEFAULT '0',
  `t04` varchar(45) DEFAULT '0',
  `t05` varchar(45) DEFAULT '0',
  `t06` varchar(45) DEFAULT '0',
  `t07` varchar(45) DEFAULT '0',
  `t08` varchar(45) DEFAULT '0',
  `t09` varchar(45) DEFAULT '0',
  `t10` varchar(45) DEFAULT '0',
  `t11` varchar(45) DEFAULT '0',
  `t12` varchar(45) DEFAULT '0',
  `t13` varchar(45) DEFAULT '0',
  `t14` varchar(45) DEFAULT '0',
  `t15` varchar(45) DEFAULT '0',
  `t16` varchar(45) DEFAULT '0',
  `t17` varchar(45) DEFAULT '0',
  `t18` varchar(45) DEFAULT '0',
  `t19` varchar(45) DEFAULT '0',
  `t20` varchar(45) DEFAULT '0',
  `t21` varchar(45) DEFAULT '0',
  `t22` varchar(45) DEFAULT '0',
  `t23` varchar(45) DEFAULT '0'
) ENGINE=InnoDB DEFAULT CHARSET=latin1;

--
-- Dumping data for table `t041216`
--

INSERT INTO `t041216` (`id`, `total`, `dept`, `time_slot`, `t00`, `t01`, `t02`, `t03`, `t04`, `t05`, `t06`, `t07`, `t08`, `t09`, `t10`, `t11`, `t12`, `t13`, `t14`, `t15`, `t16`, `t17`, `t18`, `t19`, `t20`, `t21`, `t22`, `t23`) VALUES
('160820032654', 0, 1, '080910141516', '0', '0', '0', '0', '0', '0', '0', '0', '0', '0', '0', '0', '0', '0', '0', '0', '0', '0', '0', '0', '0', '0', '0', '0'),
('160821121720', 0, 1, '111213171819', '0', '0', '0', '0', '0', '0', '0', '0', '0', '0', '0', '0', '0', '0', '0', '0', '0', '0', '0', '0', '0', '0', '0', '0'),
('161103095631', 0, 2, '121314152021', '0', '0', '0', '0', '0', '0', '0', '0', '0', '0', '0', '0', '0', '0', '0', '0', '0', '0', '0', '0', '0', '0', '0', '0'),
('161103095752', 0, 2, '080910141516', '0', '0', '0', '0', '0', '0', '0', '0', '0', '0', '0', '0', '0', '0', '0', '0', '0', '0', '0', '0', '0', '0', '0', '0'),
('161103095817', 0, 2, '111213171819', '0', '0', '0', '0', '0', '0', '0', '0', '0', '0', '0', '0', '0', '0', '0', '0', '0', '0', '0', '0', '0', '0', '0', '0'),
('161103095858', 0, 3, '080910141516', '0', '0', '0', '0', '0', '0', '0', '0', '0', '0', '0', '0', '0', '0', '0', '0', '0', '0', '0', '0', '0', '0', '0', '0'),
('161103095922', 0, 3, '111213171819', '0', '0', '0', '0', '0', '0', '0', '0', '0', '0', '0', '0', '0', '0', '0', '0', '0', '0', '0', '0', '0', '0', '0', '0'),
('161103100035', 0, 4, '080910141516', '0', '0', '0', '0', '0', '0', '0', '0', '0', '0', '0', '0', '0', '0', '0', '0', '0', '0', '0', '0', '0', '0', '0', '0'),
('161103100115', 0, 4, '111213171819', '0', '0', '0', '0', '0', '0', '0', '0', '0', '0', '0', '0', '0', '0', '0', '0', '0', '0', '0', '0', '0', '0', '0', '0'),
('161103100320', 0, 4, '121314152021', '0', '0', '0', '0', '0', '0', '0', '0', '0', '0', '0', '0', '0', '0', '0', '0', '0', '0', '0', '0', '0', '0', '0', '0'),
('161103100445', 0, 5, '080910141516', '0', '0', '0', '0', '0', '0', '0', '0', '0', '0', '0', '0', '0', '0', '0', '0', '0', '0', '0', '0', '0', '0', '0', '0'),
('161103100509', 0, 5, '111213171819', '0', '0', '0', '0', '0', '0', '0', '0', '0', '0', '0', '0', '0', '0', '0', '0', '0', '0', '0', '0', '0', '0', '0', '0'),
('161103100537', 0, 5, '121314152021', '0', '0', '0', '0', '0', '0', '0', '0', '0', '0', '0', '0', '0', '0', '0', '0', '0', '0', '0', '0', '0', '0', '0', '0'),
('161103100723', 0, 6, '080910141516', '0', '0', '0', '0', '0', '0', '0', '0', '0', '0', '0', '0', '0', '0', '0', '0', '0', '0', '0', '0', '0', '0', '0', '0'),
('161103100747', 0, 6, '111213171819', '0', '0', '0', '0', '0', '0', '0', '0', '0', '0', '0', '0', '0', '0', '0', '0', '0', '0', '0', '0', '0', '0', '0', '0'),
('161103100809', 0, 6, '121314152021', '0', '0', '0', '0', '0', '0', '0', '0', '0', '0', '0', '0', '0', '0', '0', '0', '0', '0', '0', '0', '0', '0', '0', '0'),
('161103100903', 0, 7, '101112161718202122', '0', '0', '0', '0', '0', '0', '0', '0', '0', '0', '0', '0', '0', '0', '0', '0', '0', '0', '0', '0', '0', '0', '0', '0'),
('161115104715', 0, 8, '10111213181920', '0', '0', '0', '0', '0', '0', '0', '0', '0', '0', '0', '0', '0', '0', '0', '0', '0', '0', '0', '0', '0', '0', '0', '0');

-- --------------------------------------------------------

--
-- Table structure for table `t051216`
--

CREATE TABLE `t051216` (
  `id` varchar(15) NOT NULL,
  `total` int(11) DEFAULT '0',
  `dept` int(11) DEFAULT NULL,
  `time_slot` varchar(24) DEFAULT NULL,
  `t00` varchar(45) DEFAULT '0',
  `t01` varchar(45) DEFAULT '0',
  `t02` varchar(45) DEFAULT '0',
  `t03` varchar(45) DEFAULT '0',
  `t04` varchar(45) DEFAULT '0',
  `t05` varchar(45) DEFAULT '0',
  `t06` varchar(45) DEFAULT '0',
  `t07` varchar(45) DEFAULT '0',
  `t08` varchar(45) DEFAULT '0',
  `t09` varchar(45) DEFAULT '0',
  `t10` varchar(45) DEFAULT '0',
  `t11` varchar(45) DEFAULT '0',
  `t12` varchar(45) DEFAULT '0',
  `t13` varchar(45) DEFAULT '0',
  `t14` varchar(45) DEFAULT '0',
  `t15` varchar(45) DEFAULT '0',
  `t16` varchar(45) DEFAULT '0',
  `t17` varchar(45) DEFAULT '0',
  `t18` varchar(45) DEFAULT '0',
  `t19` varchar(45) DEFAULT '0',
  `t20` varchar(45) DEFAULT '0',
  `t21` varchar(45) DEFAULT '0',
  `t22` varchar(45) DEFAULT '0',
  `t23` varchar(45) DEFAULT '0'
) ENGINE=InnoDB DEFAULT CHARSET=latin1;

--
-- Dumping data for table `t051216`
--

INSERT INTO `t051216` (`id`, `total`, `dept`, `time_slot`, `t00`, `t01`, `t02`, `t03`, `t04`, `t05`, `t06`, `t07`, `t08`, `t09`, `t10`, `t11`, `t12`, `t13`, `t14`, `t15`, `t16`, `t17`, `t18`, `t19`, `t20`, `t21`, `t22`, `t23`) VALUES
('160820032654', 0, 1, '080910141516', '0', '0', '0', '0', '0', '0', '0', '0', '0', '0', '0', '0', '0', '0', '0', '0', '0', '0', '0', '0', '0', '0', '0', '0'),
('160821121720', 0, 1, '111213171819', '0', '0', '0', '0', '0', '0', '0', '0', '0', '0', '0', '0', '0', '0', '0', '0', '0', '0', '0', '0', '0', '0', '0', '0'),
('161103095631', 0, 2, '121314152021', '0', '0', '0', '0', '0', '0', '0', '0', '0', '0', '0', '0', '0', '0', '0', '0', '0', '0', '0', '0', '0', '0', '0', '0'),
('161103095752', 0, 2, '080910141516', '0', '0', '0', '0', '0', '0', '0', '0', '0', '0', '0', '0', '0', '0', '0', '0', '0', '0', '0', '0', '0', '0', '0', '0'),
('161103095817', 0, 2, '111213171819', '0', '0', '0', '0', '0', '0', '0', '0', '0', '0', '0', '0', '0', '0', '0', '0', '0', '0', '0', '0', '0', '0', '0', '0'),
('161103095858', 0, 3, '080910141516', '0', '0', '0', '0', '0', '0', '0', '0', '0', '0', '0', '0', '0', '0', '0', '0', '0', '0', '0', '0', '0', '0', '0', '0'),
('161103095922', 0, 3, '111213171819', '0', '0', '0', '0', '0', '0', '0', '0', '0', '0', '0', '0', '0', '0', '0', '0', '0', '0', '0', '0', '0', '0', '0', '0'),
('161103100035', 0, 4, '080910141516', '0', '0', '0', '0', '0', '0', '0', '0', '0', '0', '0', '0', '0', '0', '0', '0', '0', '0', '0', '0', '0', '0', '0', '0'),
('161103100115', 0, 4, '111213171819', '0', '0', '0', '0', '0', '0', '0', '0', '0', '0', '0', '0', '0', '0', '0', '0', '0', '0', '0', '0', '0', '0', '0', '0'),
('161103100320', 0, 4, '121314152021', '0', '0', '0', '0', '0', '0', '0', '0', '0', '0', '0', '0', '0', '0', '0', '0', '0', '0', '0', '0', '0', '0', '0', '0'),
('161103100445', 0, 5, '080910141516', '0', '0', '0', '0', '0', '0', '0', '0', '0', '0', '0', '0', '0', '0', '0', '0', '0', '0', '0', '0', '0', '0', '0', '0'),
('161103100509', 0, 5, '111213171819', '0', '0', '0', '0', '0', '0', '0', '0', '0', '0', '0', '0', '0', '0', '0', '0', '0', '0', '0', '0', '0', '0', '0', '0'),
('161103100537', 0, 5, '121314152021', '0', '0', '0', '0', '0', '0', '0', '0', '0', '0', '0', '0', '0', '0', '0', '0', '0', '0', '0', '0', '0', '0', '0', '0'),
('161103100723', 0, 6, '080910141516', '0', '0', '0', '0', '0', '0', '0', '0', '0', '0', '0', '0', '0', '0', '0', '0', '0', '0', '0', '0', '0', '0', '0', '0'),
('161103100747', 0, 6, '111213171819', '0', '0', '0', '0', '0', '0', '0', '0', '0', '0', '0', '0', '0', '0', '0', '0', '0', '0', '0', '0', '0', '0', '0', '0'),
('161103100809', 0, 6, '121314152021', '0', '0', '0', '0', '0', '0', '0', '0', '0', '0', '0', '0', '0', '0', '0', '0', '0', '0', '0', '0', '0', '0', '0', '0'),
('161103100903', 0, 7, '101112161718202122', '0', '0', '0', '0', '0', '0', '0', '0', '0', '0', '0', '0', '0', '0', '0', '0', '0', '0', '0', '0', '0', '0', '0', '0'),
('161115104715', 0, 8, '10111213181920', '0', '0', '0', '0', '0', '0', '0', '0', '0', '0', '0', '0', '0', '0', '0', '0', '0', '0', '0', '0', '0', '0', '0', '0');

-- --------------------------------------------------------

--
-- Table structure for table `t061216`
--

CREATE TABLE `t061216` (
  `id` varchar(15) NOT NULL,
  `total` int(11) DEFAULT '0',
  `dept` int(11) DEFAULT NULL,
  `time_slot` varchar(24) DEFAULT NULL,
  `t00` varchar(45) DEFAULT '0',
  `t01` varchar(45) DEFAULT '0',
  `t02` varchar(45) DEFAULT '0',
  `t03` varchar(45) DEFAULT '0',
  `t04` varchar(45) DEFAULT '0',
  `t05` varchar(45) DEFAULT '0',
  `t06` varchar(45) DEFAULT '0',
  `t07` varchar(45) DEFAULT '0',
  `t08` varchar(45) DEFAULT '0',
  `t09` varchar(45) DEFAULT '0',
  `t10` varchar(45) DEFAULT '0',
  `t11` varchar(45) DEFAULT '0',
  `t12` varchar(45) DEFAULT '0',
  `t13` varchar(45) DEFAULT '0',
  `t14` varchar(45) DEFAULT '0',
  `t15` varchar(45) DEFAULT '0',
  `t16` varchar(45) DEFAULT '0',
  `t17` varchar(45) DEFAULT '0',
  `t18` varchar(45) DEFAULT '0',
  `t19` varchar(45) DEFAULT '0',
  `t20` varchar(45) DEFAULT '0',
  `t21` varchar(45) DEFAULT '0',
  `t22` varchar(45) DEFAULT '0',
  `t23` varchar(45) DEFAULT '0'
) ENGINE=InnoDB DEFAULT CHARSET=latin1;

--
-- Dumping data for table `t061216`
--

INSERT INTO `t061216` (`id`, `total`, `dept`, `time_slot`, `t00`, `t01`, `t02`, `t03`, `t04`, `t05`, `t06`, `t07`, `t08`, `t09`, `t10`, `t11`, `t12`, `t13`, `t14`, `t15`, `t16`, `t17`, `t18`, `t19`, `t20`, `t21`, `t22`, `t23`) VALUES
('160820032654', 0, 1, '080910141516', '0', '0', '0', '0', '0', '0', '0', '0', '0', '0', '0', '0', '0', '0', '0', '0', '0', '0', '0', '0', '0', '0', '0', '0'),
('160821121720', 0, 1, '111213171819', '0', '0', '0', '0', '0', '0', '0', '0', '0', '0', '0', '0', '0', '0', '0', '0', '0', '0', '0', '0', '0', '0', '0', '0'),
('161103095631', 0, 2, '121314152021', '0', '0', '0', '0', '0', '0', '0', '0', '0', '0', '0', '0', '0', '0', '0', '0', '0', '0', '0', '0', '0', '0', '0', '0'),
('161103095752', 0, 2, '080910141516', '0', '0', '0', '0', '0', '0', '0', '0', '0', '0', '0', '0', '0', '0', '0', '0', '0', '0', '0', '0', '0', '0', '0', '0'),
('161103095817', 0, 2, '111213171819', '0', '0', '0', '0', '0', '0', '0', '0', '0', '0', '0', '0', '0', '0', '0', '0', '0', '0', '0', '0', '0', '0', '0', '0'),
('161103095858', 0, 3, '080910141516', '0', '0', '0', '0', '0', '0', '0', '0', '0', '0', '0', '0', '0', '0', '0', '0', '0', '0', '0', '0', '0', '0', '0', '0'),
('161103095922', 0, 3, '111213171819', '0', '0', '0', '0', '0', '0', '0', '0', '0', '0', '0', '0', '0', '0', '0', '0', '0', '0', '0', '0', '0', '0', '0', '0'),
('161103100035', 0, 4, '080910141516', '0', '0', '0', '0', '0', '0', '0', '0', '0', '0', '0', '0', '0', '0', '0', '0', '0', '0', '0', '0', '0', '0', '0', '0'),
('161103100115', 0, 4, '111213171819', '0', '0', '0', '0', '0', '0', '0', '0', '0', '0', '0', '0', '0', '0', '0', '0', '0', '0', '0', '0', '0', '0', '0', '0'),
('161103100320', 0, 4, '121314152021', '0', '0', '0', '0', '0', '0', '0', '0', '0', '0', '0', '0', '0', '0', '0', '0', '0', '0', '0', '0', '0', '0', '0', '0'),
('161103100445', 0, 5, '080910141516', '0', '0', '0', '0', '0', '0', '0', '0', '0', '0', '0', '0', '0', '0', '0', '0', '0', '0', '0', '0', '0', '0', '0', '0'),
('161103100509', 0, 5, '111213171819', '0', '0', '0', '0', '0', '0', '0', '0', '0', '0', '0', '0', '0', '0', '0', '0', '0', '0', '0', '0', '0', '0', '0', '0'),
('161103100537', 0, 5, '121314152021', '0', '0', '0', '0', '0', '0', '0', '0', '0', '0', '0', '0', '0', '0', '0', '0', '0', '0', '0', '0', '0', '0', '0', '0'),
('161103100723', 0, 6, '080910141516', '0', '0', '0', '0', '0', '0', '0', '0', '0', '0', '0', '0', '0', '0', '0', '0', '0', '0', '0', '0', '0', '0', '0', '0'),
('161103100747', 0, 6, '111213171819', '0', '0', '0', '0', '0', '0', '0', '0', '0', '0', '0', '0', '0', '0', '0', '0', '0', '0', '0', '0', '0', '0', '0', '0'),
('161103100809', 0, 6, '121314152021', '0', '0', '0', '0', '0', '0', '0', '0', '0', '0', '0', '0', '0', '0', '0', '0', '0', '0', '0', '0', '0', '0', '0', '0'),
('161103100903', 0, 7, '101112161718202122', '0', '0', '0', '0', '0', '0', '0', '0', '0', '0', '0', '0', '0', '0', '0', '0', '0', '0', '0', '0', '0', '0', '0', '0'),
('161115104715', 0, 8, '10111213181920', '0', '0', '0', '0', '0', '0', '0', '0', '0', '0', '0', '0', '0', '0', '0', '0', '0', '0', '0', '0', '0', '0', '0', '0');

-- --------------------------------------------------------

--
-- Table structure for table `t071216`
--

CREATE TABLE `t071216` (
  `id` varchar(15) NOT NULL,
  `total` int(11) DEFAULT '0',
  `dept` int(11) DEFAULT NULL,
  `time_slot` varchar(24) DEFAULT NULL,
  `t00` varchar(45) DEFAULT '0',
  `t01` varchar(45) DEFAULT '0',
  `t02` varchar(45) DEFAULT '0',
  `t03` varchar(45) DEFAULT '0',
  `t04` varchar(45) DEFAULT '0',
  `t05` varchar(45) DEFAULT '0',
  `t06` varchar(45) DEFAULT '0',
  `t07` varchar(45) DEFAULT '0',
  `t08` varchar(45) DEFAULT '0',
  `t09` varchar(45) DEFAULT '0',
  `t10` varchar(45) DEFAULT '0',
  `t11` varchar(45) DEFAULT '0',
  `t12` varchar(45) DEFAULT '0',
  `t13` varchar(45) DEFAULT '0',
  `t14` varchar(45) DEFAULT '0',
  `t15` varchar(45) DEFAULT '0',
  `t16` varchar(45) DEFAULT '0',
  `t17` varchar(45) DEFAULT '0',
  `t18` varchar(45) DEFAULT '0',
  `t19` varchar(45) DEFAULT '0',
  `t20` varchar(45) DEFAULT '0',
  `t21` varchar(45) DEFAULT '0',
  `t22` varchar(45) DEFAULT '0',
  `t23` varchar(45) DEFAULT '0'
) ENGINE=InnoDB DEFAULT CHARSET=latin1;

--
-- Dumping data for table `t071216`
--

INSERT INTO `t071216` (`id`, `total`, `dept`, `time_slot`, `t00`, `t01`, `t02`, `t03`, `t04`, `t05`, `t06`, `t07`, `t08`, `t09`, `t10`, `t11`, `t12`, `t13`, `t14`, `t15`, `t16`, `t17`, `t18`, `t19`, `t20`, `t21`, `t22`, `t23`) VALUES
('160820032654', 0, 1, '080910141516', '0', '0', '0', '0', '0', '0', '0', '0', '0', '0', '0', '0', '0', '0', '0', '0', '0', '0', '0', '0', '0', '0', '0', '0'),
('160821121720', 0, 1, '111213171819', '0', '0', '0', '0', '0', '0', '0', '0', '0', '0', '0', '0', '0', '0', '0', '0', '0', '0', '0', '0', '0', '0', '0', '0'),
('161103095631', 0, 2, '121314152021', '0', '0', '0', '0', '0', '0', '0', '0', '0', '0', '0', '0', '0', '0', '0', '0', '0', '0', '0', '0', '0', '0', '0', '0'),
('161103095752', 0, 2, '080910141516', '0', '0', '0', '0', '0', '0', '0', '0', '0', '0', '0', '0', '0', '0', '0', '0', '0', '0', '0', '0', '0', '0', '0', '0'),
('161103095817', 0, 2, '111213171819', '0', '0', '0', '0', '0', '0', '0', '0', '0', '0', '0', '0', '0', '0', '0', '0', '0', '0', '0', '0', '0', '0', '0', '0'),
('161103095858', 0, 3, '080910141516', '0', '0', '0', '0', '0', '0', '0', '0', '0', '0', '0', '0', '0', '0', '0', '0', '0', '0', '0', '0', '0', '0', '0', '0'),
('161103095922', 0, 3, '111213171819', '0', '0', '0', '0', '0', '0', '0', '0', '0', '0', '0', '0', '0', '0', '0', '0', '0', '0', '0', '0', '0', '0', '0', '0'),
('161103100035', 0, 4, '080910141516', '0', '0', '0', '0', '0', '0', '0', '0', '0', '0', '0', '0', '0', '0', '0', '0', '0', '0', '0', '0', '0', '0', '0', '0'),
('161103100115', 0, 4, '111213171819', '0', '0', '0', '0', '0', '0', '0', '0', '0', '0', '0', '0', '0', '0', '0', '0', '0', '0', '0', '0', '0', '0', '0', '0'),
('161103100320', 0, 4, '121314152021', '0', '0', '0', '0', '0', '0', '0', '0', '0', '0', '0', '0', '0', '0', '0', '0', '0', '0', '0', '0', '0', '0', '0', '0'),
('161103100445', 0, 5, '080910141516', '0', '0', '0', '0', '0', '0', '0', '0', '0', '0', '0', '0', '0', '0', '0', '0', '0', '0', '0', '0', '0', '0', '0', '0'),
('161103100509', 0, 5, '111213171819', '0', '0', '0', '0', '0', '0', '0', '0', '0', '0', '0', '0', '0', '0', '0', '0', '0', '0', '0', '0', '0', '0', '0', '0'),
('161103100537', 0, 5, '121314152021', '0', '0', '0', '0', '0', '0', '0', '0', '0', '0', '0', '0', '0', '0', '0', '0', '0', '0', '0', '0', '0', '0', '0', '0'),
('161103100723', 0, 6, '080910141516', '0', '0', '0', '0', '0', '0', '0', '0', '0', '0', '0', '0', '0', '0', '0', '0', '0', '0', '0', '0', '0', '0', '0', '0'),
('161103100747', 0, 6, '111213171819', '0', '0', '0', '0', '0', '0', '0', '0', '0', '0', '0', '0', '0', '0', '0', '0', '0', '0', '0', '0', '0', '0', '0', '0'),
('161103100809', 0, 6, '121314152021', '0', '0', '0', '0', '0', '0', '0', '0', '0', '0', '0', '0', '0', '0', '0', '0', '0', '0', '0', '0', '0', '0', '0', '0'),
('161103100903', 0, 7, '101112161718202122', '0', '0', '0', '0', '0', '0', '0', '0', '0', '0', '0', '0', '0', '0', '0', '0', '0', '0', '0', '0', '0', '0', '0', '0'),
('161115104715', 0, 8, '10111213181920', '0', '0', '0', '0', '0', '0', '0', '0', '0', '0', '0', '0', '0', '0', '0', '0', '0', '0', '0', '0', '0', '0', '0', '0');

-- --------------------------------------------------------

--
-- Table structure for table `t181116`
--

CREATE TABLE `t181116` (
  `id` varchar(15) NOT NULL,
  `total` int(11) DEFAULT '0',
  `dept` int(11) DEFAULT NULL,
  `time_slot` varchar(24) DEFAULT NULL,
  `t00` varchar(45) DEFAULT '0',
  `t01` varchar(45) DEFAULT '0',
  `t02` varchar(45) DEFAULT '0',
  `t03` varchar(45) DEFAULT '0',
  `t04` varchar(45) DEFAULT '0',
  `t05` varchar(45) DEFAULT '0',
  `t06` varchar(45) DEFAULT '0',
  `t07` varchar(45) DEFAULT '0',
  `t08` varchar(45) DEFAULT '0',
  `t09` varchar(45) DEFAULT '0',
  `t10` varchar(45) DEFAULT '0',
  `t11` varchar(45) DEFAULT '0',
  `t12` varchar(45) DEFAULT '0',
  `t13` varchar(45) DEFAULT '0',
  `t14` varchar(45) DEFAULT '0',
  `t15` varchar(45) DEFAULT '0',
  `t16` varchar(45) DEFAULT '0',
  `t17` varchar(45) DEFAULT '0',
  `t18` varchar(45) DEFAULT '0',
  `t19` varchar(45) DEFAULT '0',
  `t20` varchar(45) DEFAULT '0',
  `t21` varchar(45) DEFAULT '0',
  `t22` varchar(45) DEFAULT '0',
  `t23` varchar(45) DEFAULT '0'
) ENGINE=InnoDB DEFAULT CHARSET=latin1;

--
-- Dumping data for table `t181116`
--

INSERT INTO `t181116` (`id`, `total`, `dept`, `time_slot`, `t00`, `t01`, `t02`, `t03`, `t04`, `t05`, `t06`, `t07`, `t08`, `t09`, `t10`, `t11`, `t12`, `t13`, `t14`, `t15`, `t16`, `t17`, `t18`, `t19`, `t20`, `t21`, `t22`, `t23`) VALUES
('160820032654', 1, 1, '080910141516', '0', '0', '0', '0', '0', '0', '0', '0', '0161114095443', '0', '0', '0', '0', '0', '0', '0', '0', '0', '0', '0', '0', '0', '0', '0'),
('160821121720', 0, 1, '111213171819', '0', '0', '0', '0', '0', '0', '0', '0', '0', '0', '0', '0', '0', '0', '0', '0', '0', '0', '0', '0', '0', '0', '0', '0'),
('161103095631', 0, 2, '121314152021', '0', '0', '0', '0', '0', '0', '0', '0', '0', '0', '0', '0', '0', '0', '0', '0', '0', '0', '0', '0', '0', '0', '0', '0'),
('161103095752', 0, 2, '080910141516', '0', '0', '0', '0', '0', '0', '0', '0', '0', '0', '0', '0', '0', '0', '0', '0', '0', '0', '0', '0', '0', '0', '0', '0'),
('161103095817', 0, 2, '111213171819', '0', '0', '0', '0', '0', '0', '0', '0', '0', '0', '0', '0', '0', '0', '0', '0', '0', '0', '0', '0', '0', '0', '0', '0'),
('161103095858', 0, 3, '080910141516', '0', '0', '0', '0', '0', '0', '0', '0', '0', '0', '0', '0', '0', '0', '0', '0', '0', '0', '0', '0', '0', '0', '0', '0'),
('161103095922', 0, 3, '111213171819', '0', '0', '0', '0', '0', '0', '0', '0', '0', '0', '0', '0', '0', '0', '0', '0', '0', '0', '0', '0', '0', '0', '0', '0'),
('161103100035', 0, 4, '080910141516', '0', '0', '0', '0', '0', '0', '0', '0', '0', '0', '0', '0', '0', '0', '0', '0', '0', '0', '0', '0', '0', '0', '0', '0'),
('161103100115', 0, 4, '111213171819', '0', '0', '0', '0', '0', '0', '0', '0', '0', '0', '0', '0', '0', '0', '0', '0', '0', '0', '0', '0', '0', '0', '0', '0'),
('161103100320', 0, 4, '121314152021', '0', '0', '0', '0', '0', '0', '0', '0', '0', '0', '0', '0', '0', '0', '0', '0', '0', '0', '0', '0', '0', '0', '0', '0'),
('161103100445', 0, 5, '080910141516', '0', '0', '0', '0', '0', '0', '0', '0', '0', '0', '0', '0', '0', '0', '0', '0', '0', '0', '0', '0', '0', '0', '0', '0'),
('161103100509', 0, 5, '111213171819', '0', '0', '0', '0', '0', '0', '0', '0', '0', '0', '0', '0', '0', '0', '0', '0', '0', '0', '0', '0', '0', '0', '0', '0'),
('161103100537', 0, 5, '121314152021', '0', '0', '0', '0', '0', '0', '0', '0', '0', '0', '0', '0', '0', '0', '0', '0', '0', '0', '0', '0', '0', '0', '0', '0'),
('161103100723', 0, 6, '080910141516', '0', '0', '0', '0', '0', '0', '0', '0', '0', '0', '0', '0', '0', '0', '0', '0', '0', '0', '0', '0', '0', '0', '0', '0'),
('161103100747', 0, 6, '111213171819', '0', '0', '0', '0', '0', '0', '0', '0', '0', '0', '0', '0', '0', '0', '0', '0', '0', '0', '0', '0', '0', '0', '0', '0'),
('161103100809', 0, 6, '121314152021', '0', '0', '0', '0', '0', '0', '0', '0', '0', '0', '0', '0', '0', '0', '0', '0', '0', '0', '0', '0', '0', '0', '0', '0'),
('161103100903', 1, 7, '101112161718202122', '0', '0', '0', '0', '0', '0', '0', '0', '0', '0', '0161114095443', '0', '0', '0', '0', '0', '0', '0', '0', '0', '0', '0', '0', '0'),
('161115104715', 0, 8, '10111213181920', '0', '0', '0', '0', '0', '0', '0', '0', '0', '0', '0', '0', '0', '0', '0', '0', '0', '0', '0', '0', '0', '0', '0', '0');

-- --------------------------------------------------------

--
-- Table structure for table `t191116`
--

CREATE TABLE `t191116` (
  `id` varchar(15) NOT NULL,
  `total` int(11) DEFAULT '0',
  `dept` int(11) DEFAULT NULL,
  `time_slot` varchar(24) DEFAULT NULL,
  `t00` varchar(45) DEFAULT '0',
  `t01` varchar(45) DEFAULT '0',
  `t02` varchar(45) DEFAULT '0',
  `t03` varchar(45) DEFAULT '0',
  `t04` varchar(45) DEFAULT '0',
  `t05` varchar(45) DEFAULT '0',
  `t06` varchar(45) DEFAULT '0',
  `t07` varchar(45) DEFAULT '0',
  `t08` varchar(45) DEFAULT '0',
  `t09` varchar(45) DEFAULT '0',
  `t10` varchar(45) DEFAULT '0',
  `t11` varchar(45) DEFAULT '0',
  `t12` varchar(45) DEFAULT '0',
  `t13` varchar(45) DEFAULT '0',
  `t14` varchar(45) DEFAULT '0',
  `t15` varchar(45) DEFAULT '0',
  `t16` varchar(45) DEFAULT '0',
  `t17` varchar(45) DEFAULT '0',
  `t18` varchar(45) DEFAULT '0',
  `t19` varchar(45) DEFAULT '0',
  `t20` varchar(45) DEFAULT '0',
  `t21` varchar(45) DEFAULT '0',
  `t22` varchar(45) DEFAULT '0',
  `t23` varchar(45) DEFAULT '0'
) ENGINE=InnoDB DEFAULT CHARSET=latin1;

--
-- Dumping data for table `t191116`
--

INSERT INTO `t191116` (`id`, `total`, `dept`, `time_slot`, `t00`, `t01`, `t02`, `t03`, `t04`, `t05`, `t06`, `t07`, `t08`, `t09`, `t10`, `t11`, `t12`, `t13`, `t14`, `t15`, `t16`, `t17`, `t18`, `t19`, `t20`, `t21`, `t22`, `t23`) VALUES
('160820032654', 0, 1, '080910141516', '0', '0', '0', '0', '0', '0', '0', '0', '0', '0', '0', '0', '0', '0', '0', '0', '0', '0', '0', '0', '0', '0', '0', '0'),
('160821121720', 0, 1, '111213171819', '0', '0', '0', '0', '0', '0', '0', '0', '0', '0', '0', '0', '0', '0', '0', '0', '0', '0', '0', '0', '0', '0', '0', '0'),
('161103095631', 0, 2, '121314152021', '0', '0', '0', '0', '0', '0', '0', '0', '0', '0', '0', '0', '0', '0', '0', '0', '0', '0', '0', '0', '0', '0', '0', '0'),
('161103095752', 0, 2, '080910141516', '0', '0', '0', '0', '0', '0', '0', '0', '0', '0', '0', '0', '0', '0', '0', '0', '0', '0', '0', '0', '0', '0', '0', '0'),
('161103095817', 0, 2, '111213171819', '0', '0', '0', '0', '0', '0', '0', '0', '0', '0', '0', '0', '0', '0', '0', '0', '0', '0', '0', '0', '0', '0', '0', '0'),
('161103095858', 0, 3, '080910141516', '0', '0', '0', '0', '0', '0', '0', '0', '0', '0', '0', '0', '0', '0', '0', '0', '0', '0', '0', '0', '0', '0', '0', '0'),
('161103095922', 0, 3, '111213171819', '0', '0', '0', '0', '0', '0', '0', '0', '0', '0', '0', '0', '0', '0', '0', '0', '0', '0', '0', '0', '0', '0', '0', '0'),
('161103100035', 0, 4, '080910141516', '0', '0', '0', '0', '0', '0', '0', '0', '0', '0', '0', '0', '0', '0', '0', '0', '0', '0', '0', '0', '0', '0', '0', '0'),
('161103100115', 0, 4, '111213171819', '0', '0', '0', '0', '0', '0', '0', '0', '0', '0', '0', '0', '0', '0', '0', '0', '0', '0', '0', '0', '0', '0', '0', '0'),
('161103100320', 0, 4, '121314152021', '0', '0', '0', '0', '0', '0', '0', '0', '0', '0', '0', '0', '0', '0', '0', '0', '0', '0', '0', '0', '0', '0', '0', '0'),
('161103100445', 0, 5, '080910141516', '0', '0', '0', '0', '0', '0', '0', '0', '0', '0', '0', '0', '0', '0', '0', '0', '0', '0', '0', '0', '0', '0', '0', '0'),
('161103100509', 0, 5, '111213171819', '0', '0', '0', '0', '0', '0', '0', '0', '0', '0', '0', '0', '0', '0', '0', '0', '0', '0', '0', '0', '0', '0', '0', '0'),
('161103100537', 0, 5, '121314152021', '0', '0', '0', '0', '0', '0', '0', '0', '0', '0', '0', '0', '0', '0', '0', '0', '0', '0', '0', '0', '0', '0', '0', '0'),
('161103100723', 0, 6, '080910141516', '0', '0', '0', '0', '0', '0', '0', '0', '0', '0', '0', '0', '0', '0', '0', '0', '0', '0', '0', '0', '0', '0', '0', '0'),
('161103100747', 0, 6, '111213171819', '0', '0', '0', '0', '0', '0', '0', '0', '0', '0', '0', '0', '0', '0', '0', '0', '0', '0', '0', '0', '0', '0', '0', '0'),
('161103100809', 0, 6, '121314152021', '0', '0', '0', '0', '0', '0', '0', '0', '0', '0', '0', '0', '0', '0', '0', '0', '0', '0', '0', '0', '0', '0', '0', '0'),
('161103100903', 0, 7, '101112161718202122', '0', '0', '0', '0', '0', '0', '0', '0', '0', '0', '0', '0', '0', '0', '0', '0', '0', '0', '0', '0', '0', '0', '0', '0'),
('161115104715', 0, 8, '10111213181920', '0', '0', '0', '0', '0', '0', '0', '0', '0', '0', '0', '0', '0', '0', '0', '0', '0', '0', '0', '0', '0', '0', '0', '0');

-- --------------------------------------------------------

--
-- Table structure for table `t201116`
--

CREATE TABLE `t201116` (
  `id` varchar(15) NOT NULL,
  `total` int(11) DEFAULT '0',
  `dept` int(11) DEFAULT NULL,
  `time_slot` varchar(24) DEFAULT NULL,
  `t00` varchar(45) DEFAULT '0',
  `t01` varchar(45) DEFAULT '0',
  `t02` varchar(45) DEFAULT '0',
  `t03` varchar(45) DEFAULT '0',
  `t04` varchar(45) DEFAULT '0',
  `t05` varchar(45) DEFAULT '0',
  `t06` varchar(45) DEFAULT '0',
  `t07` varchar(45) DEFAULT '0',
  `t08` varchar(45) DEFAULT '0',
  `t09` varchar(45) DEFAULT '0',
  `t10` varchar(45) DEFAULT '0',
  `t11` varchar(45) DEFAULT '0',
  `t12` varchar(45) DEFAULT '0',
  `t13` varchar(45) DEFAULT '0',
  `t14` varchar(45) DEFAULT '0',
  `t15` varchar(45) DEFAULT '0',
  `t16` varchar(45) DEFAULT '0',
  `t17` varchar(45) DEFAULT '0',
  `t18` varchar(45) DEFAULT '0',
  `t19` varchar(45) DEFAULT '0',
  `t20` varchar(45) DEFAULT '0',
  `t21` varchar(45) DEFAULT '0',
  `t22` varchar(45) DEFAULT '0',
  `t23` varchar(45) DEFAULT '0'
) ENGINE=InnoDB DEFAULT CHARSET=latin1;

--
-- Dumping data for table `t201116`
--

INSERT INTO `t201116` (`id`, `total`, `dept`, `time_slot`, `t00`, `t01`, `t02`, `t03`, `t04`, `t05`, `t06`, `t07`, `t08`, `t09`, `t10`, `t11`, `t12`, `t13`, `t14`, `t15`, `t16`, `t17`, `t18`, `t19`, `t20`, `t21`, `t22`, `t23`) VALUES
('160820032654', 0, 1, '080910141516', '0', '0', '0', '0', '0', '0', '0', '0', '0', '0', '0', '0', '0', '0', '0', '0', '0', '0', '0', '0', '0', '0', '0', '0'),
('160821121720', 0, 1, '111213171819', '0', '0', '0', '0', '0', '0', '0', '0', '0', '0', '0', '0', '0', '0', '0', '0', '0', '0', '0', '0', '0', '0', '0', '0'),
('161103095631', 0, 2, '121314152021', '0', '0', '0', '0', '0', '0', '0', '0', '0', '0', '0', '0', '0', '0', '0', '0', '0', '0', '0', '0', '0', '0', '0', '0'),
('161103095752', 0, 2, '080910141516', '0', '0', '0', '0', '0', '0', '0', '0', '0', '0', '0', '0', '0', '0', '0', '0', '0', '0', '0', '0', '0', '0', '0', '0'),
('161103095817', 0, 2, '111213171819', '0', '0', '0', '0', '0', '0', '0', '0', '0', '0', '0', '0', '0', '0', '0', '0', '0', '0', '0', '0', '0', '0', '0', '0'),
('161103095858', 0, 3, '080910141516', '0', '0', '0', '0', '0', '0', '0', '0', '0', '0', '0', '0', '0', '0', '0', '0', '0', '0', '0', '0', '0', '0', '0', '0'),
('161103095922', 0, 3, '111213171819', '0', '0', '0', '0', '0', '0', '0', '0', '0', '0', '0', '0', '0', '0', '0', '0', '0', '0', '0', '0', '0', '0', '0', '0'),
('161103100035', 0, 4, '080910141516', '0', '0', '0', '0', '0', '0', '0', '0', '0', '0', '0', '0', '0', '0', '0', '0', '0', '0', '0', '0', '0', '0', '0', '0'),
('161103100115', 0, 4, '111213171819', '0', '0', '0', '0', '0', '0', '0', '0', '0', '0', '0', '0', '0', '0', '0', '0', '0', '0', '0', '0', '0', '0', '0', '0'),
('161103100320', 0, 4, '121314152021', '0', '0', '0', '0', '0', '0', '0', '0', '0', '0', '0', '0', '0', '0', '0', '0', '0', '0', '0', '0', '0', '0', '0', '0'),
('161103100445', 0, 5, '080910141516', '0', '0', '0', '0', '0', '0', '0', '0', '0', '0', '0', '0', '0', '0', '0', '0', '0', '0', '0', '0', '0', '0', '0', '0'),
('161103100509', 0, 5, '111213171819', '0', '0', '0', '0', '0', '0', '0', '0', '0', '0', '0', '0', '0', '0', '0', '0', '0', '0', '0', '0', '0', '0', '0', '0'),
('161103100537', 0, 5, '121314152021', '0', '0', '0', '0', '0', '0', '0', '0', '0', '0', '0', '0', '0', '0', '0', '0', '0', '0', '0', '0', '0', '0', '0', '0'),
('161103100723', 0, 6, '080910141516', '0', '0', '0', '0', '0', '0', '0', '0', '0', '0', '0', '0', '0', '0', '0', '0', '0', '0', '0', '0', '0', '0', '0', '0'),
('161103100747', 0, 6, '111213171819', '0', '0', '0', '0', '0', '0', '0', '0', '0', '0', '0', '0', '0', '0', '0', '0', '0', '0', '0', '0', '0', '0', '0', '0'),
('161103100809', 0, 6, '121314152021', '0', '0', '0', '0', '0', '0', '0', '0', '0', '0', '0', '0', '0', '0', '0', '0', '0', '0', '0', '0', '0', '0', '0', '0'),
('161103100903', 0, 7, '101112161718202122', '0', '0', '0', '0', '0', '0', '0', '0', '0', '0', '0', '0', '0', '0', '0', '0', '0', '0', '0', '0', '0', '0', '0', '0'),
('161115104715', 0, 8, '10111213181920', '0', '0', '0', '0', '0', '0', '0', '0', '0', '0', '0', '0', '0', '0', '0', '0', '0', '0', '0', '0', '0', '0', '0', '0');

-- --------------------------------------------------------

--
-- Table structure for table `t211116`
--

CREATE TABLE `t211116` (
  `id` varchar(15) NOT NULL,
  `total` int(11) DEFAULT '0',
  `dept` int(11) DEFAULT NULL,
  `time_slot` varchar(24) DEFAULT NULL,
  `t00` varchar(45) DEFAULT '0',
  `t01` varchar(45) DEFAULT '0',
  `t02` varchar(45) DEFAULT '0',
  `t03` varchar(45) DEFAULT '0',
  `t04` varchar(45) DEFAULT '0',
  `t05` varchar(45) DEFAULT '0',
  `t06` varchar(45) DEFAULT '0',
  `t07` varchar(45) DEFAULT '0',
  `t08` varchar(45) DEFAULT '0',
  `t09` varchar(45) DEFAULT '0',
  `t10` varchar(45) DEFAULT '0',
  `t11` varchar(45) DEFAULT '0',
  `t12` varchar(45) DEFAULT '0',
  `t13` varchar(45) DEFAULT '0',
  `t14` varchar(45) DEFAULT '0',
  `t15` varchar(45) DEFAULT '0',
  `t16` varchar(45) DEFAULT '0',
  `t17` varchar(45) DEFAULT '0',
  `t18` varchar(45) DEFAULT '0',
  `t19` varchar(45) DEFAULT '0',
  `t20` varchar(45) DEFAULT '0',
  `t21` varchar(45) DEFAULT '0',
  `t22` varchar(45) DEFAULT '0',
  `t23` varchar(45) DEFAULT '0'
) ENGINE=InnoDB DEFAULT CHARSET=latin1;

--
-- Dumping data for table `t211116`
--

INSERT INTO `t211116` (`id`, `total`, `dept`, `time_slot`, `t00`, `t01`, `t02`, `t03`, `t04`, `t05`, `t06`, `t07`, `t08`, `t09`, `t10`, `t11`, `t12`, `t13`, `t14`, `t15`, `t16`, `t17`, `t18`, `t19`, `t20`, `t21`, `t22`, `t23`) VALUES
('160820032654', 0, 1, '080910141516', '0', '0', '0', '0', '0', '0', '0', '0', '0', '0', '0', '0', '0', '0', '0', '0', '0', '0', '0', '0', '0', '0', '0', '0'),
('160821121720', 0, 1, '111213171819', '0', '0', '0', '0', '0', '0', '0', '0', '0', '0', '0', '0', '0', '0', '0', '0', '0', '0', '0', '0', '0', '0', '0', '0'),
('161103095631', 0, 2, '121314152021', '0', '0', '0', '0', '0', '0', '0', '0', '0', '0', '0', '0', '0', '0', '0', '0', '0', '0', '0', '0', '0', '0', '0', '0'),
('161103095752', 0, 2, '080910141516', '0', '0', '0', '0', '0', '0', '0', '0', '0', '0', '0', '0', '0', '0', '0', '0', '0', '0', '0', '0', '0', '0', '0', '0'),
('161103095817', 0, 2, '111213171819', '0', '0', '0', '0', '0', '0', '0', '0', '0', '0', '0', '0', '0', '0', '0', '0', '0', '0', '0', '0', '0', '0', '0', '0'),
('161103095858', 0, 3, '080910141516', '0', '0', '0', '0', '0', '0', '0', '0', '0', '0', '0', '0', '0', '0', '0', '0', '0', '0', '0', '0', '0', '0', '0', '0'),
('161103095922', 0, 3, '111213171819', '0', '0', '0', '0', '0', '0', '0', '0', '0', '0', '0', '0', '0', '0', '0', '0', '0', '0', '0', '0', '0', '0', '0', '0'),
('161103100035', 0, 4, '080910141516', '0', '0', '0', '0', '0', '0', '0', '0', '0', '0', '0', '0', '0', '0', '0', '0', '0', '0', '0', '0', '0', '0', '0', '0'),
('161103100115', 0, 4, '111213171819', '0', '0', '0', '0', '0', '0', '0', '0', '0', '0', '0', '0', '0', '0', '0', '0', '0', '0', '0', '0', '0', '0', '0', '0'),
('161103100320', 0, 4, '121314152021', '0', '0', '0', '0', '0', '0', '0', '0', '0', '0', '0', '0', '0', '0', '0', '0', '0', '0', '0', '0', '0', '0', '0', '0'),
('161103100445', 0, 5, '080910141516', '0', '0', '0', '0', '0', '0', '0', '0', '0', '0', '0', '0', '0', '0', '0', '0', '0', '0', '0', '0', '0', '0', '0', '0'),
('161103100509', 0, 5, '111213171819', '0', '0', '0', '0', '0', '0', '0', '0', '0', '0', '0', '0', '0', '0', '0', '0', '0', '0', '0', '0', '0', '0', '0', '0'),
('161103100537', 0, 5, '121314152021', '0', '0', '0', '0', '0', '0', '0', '0', '0', '0', '0', '0', '0', '0', '0', '0', '0', '0', '0', '0', '0', '0', '0', '0'),
('161103100723', 0, 6, '080910141516', '0', '0', '0', '0', '0', '0', '0', '0', '0', '0', '0', '0', '0', '0', '0', '0', '0', '0', '0', '0', '0', '0', '0', '0'),
('161103100747', 0, 6, '111213171819', '0', '0', '0', '0', '0', '0', '0', '0', '0', '0', '0', '0', '0', '0', '0', '0', '0', '0', '0', '0', '0', '0', '0', '0'),
('161103100809', 0, 6, '121314152021', '0', '0', '0', '0', '0', '0', '0', '0', '0', '0', '0', '0', '0', '0', '0', '0', '0', '0', '0', '0', '0', '0', '0', '0'),
('161103100903', 0, 7, '101112161718202122', '0', '0', '0', '0', '0', '0', '0', '0', '0', '0', '0', '0', '0', '0', '0', '0', '0', '0', '0', '0', '0', '0', '0', '0'),
('161115104715', 0, 8, '10111213181920', '0', '0', '0', '0', '0', '0', '0', '0', '0', '0', '0', '0', '0', '0', '0', '0', '0', '0', '0', '0', '0', '0', '0', '0');

-- --------------------------------------------------------

--
-- Table structure for table `t221116`
--

CREATE TABLE `t221116` (
  `id` varchar(15) NOT NULL,
  `total` int(11) DEFAULT '0',
  `dept` int(11) DEFAULT NULL,
  `time_slot` varchar(24) DEFAULT NULL,
  `t00` varchar(45) DEFAULT '0',
  `t01` varchar(45) DEFAULT '0',
  `t02` varchar(45) DEFAULT '0',
  `t03` varchar(45) DEFAULT '0',
  `t04` varchar(45) DEFAULT '0',
  `t05` varchar(45) DEFAULT '0',
  `t06` varchar(45) DEFAULT '0',
  `t07` varchar(45) DEFAULT '0',
  `t08` varchar(45) DEFAULT '0',
  `t09` varchar(45) DEFAULT '0',
  `t10` varchar(45) DEFAULT '0',
  `t11` varchar(45) DEFAULT '0',
  `t12` varchar(45) DEFAULT '0',
  `t13` varchar(45) DEFAULT '0',
  `t14` varchar(45) DEFAULT '0',
  `t15` varchar(45) DEFAULT '0',
  `t16` varchar(45) DEFAULT '0',
  `t17` varchar(45) DEFAULT '0',
  `t18` varchar(45) DEFAULT '0',
  `t19` varchar(45) DEFAULT '0',
  `t20` varchar(45) DEFAULT '0',
  `t21` varchar(45) DEFAULT '0',
  `t22` varchar(45) DEFAULT '0',
  `t23` varchar(45) DEFAULT '0'
) ENGINE=InnoDB DEFAULT CHARSET=latin1;

--
-- Dumping data for table `t221116`
--

INSERT INTO `t221116` (`id`, `total`, `dept`, `time_slot`, `t00`, `t01`, `t02`, `t03`, `t04`, `t05`, `t06`, `t07`, `t08`, `t09`, `t10`, `t11`, `t12`, `t13`, `t14`, `t15`, `t16`, `t17`, `t18`, `t19`, `t20`, `t21`, `t22`, `t23`) VALUES
('160820032654', 0, 1, '080910141516', '0', '0', '0', '0', '0', '0', '0', '0', '0', '0', '0', '0', '0', '0', '0', '0', '0', '0', '0', '0', '0', '0', '0', '0'),
('160821121720', 0, 1, '111213171819', '0', '0', '0', '0', '0', '0', '0', '0', '0', '0', '0', '0', '0', '0', '0', '0', '0', '0', '0', '0', '0', '0', '0', '0'),
('161103095631', 0, 2, '121314152021', '0', '0', '0', '0', '0', '0', '0', '0', '0', '0', '0', '0', '0', '0', '0', '0', '0', '0', '0', '0', '0', '0', '0', '0'),
('161103095752', 0, 2, '080910141516', '0', '0', '0', '0', '0', '0', '0', '0', '0', '0', '0', '0', '0', '0', '0', '0', '0', '0', '0', '0', '0', '0', '0', '0'),
('161103095817', 0, 2, '111213171819', '0', '0', '0', '0', '0', '0', '0', '0', '0', '0', '0', '0', '0', '0', '0', '0', '0', '0', '0', '0', '0', '0', '0', '0'),
('161103095858', 0, 3, '080910141516', '0', '0', '0', '0', '0', '0', '0', '0', '0', '0', '0', '0', '0', '0', '0', '0', '0', '0', '0', '0', '0', '0', '0', '0'),
('161103095922', 0, 3, '111213171819', '0', '0', '0', '0', '0', '0', '0', '0', '0', '0', '0', '0', '0', '0', '0', '0', '0', '0', '0', '0', '0', '0', '0', '0'),
('161103100035', 0, 4, '080910141516', '0', '0', '0', '0', '0', '0', '0', '0', '0', '0', '0', '0', '0', '0', '0', '0', '0', '0', '0', '0', '0', '0', '0', '0'),
('161103100115', 0, 4, '111213171819', '0', '0', '0', '0', '0', '0', '0', '0', '0', '0', '0', '0', '0', '0', '0', '0', '0', '0', '0', '0', '0', '0', '0', '0'),
('161103100320', 0, 4, '121314152021', '0', '0', '0', '0', '0', '0', '0', '0', '0', '0', '0', '0', '0', '0', '0', '0', '0', '0', '0', '0', '0', '0', '0', '0'),
('161103100445', 0, 5, '080910141516', '0', '0', '0', '0', '0', '0', '0', '0', '0', '0', '0', '0', '0', '0', '0', '0', '0', '0', '0', '0', '0', '0', '0', '0'),
('161103100509', 0, 5, '111213171819', '0', '0', '0', '0', '0', '0', '0', '0', '0', '0', '0', '0', '0', '0', '0', '0', '0', '0', '0', '0', '0', '0', '0', '0'),
('161103100537', 0, 5, '121314152021', '0', '0', '0', '0', '0', '0', '0', '0', '0', '0', '0', '0', '0', '0', '0', '0', '0', '0', '0', '0', '0', '0', '0', '0'),
('161103100723', 0, 6, '080910141516', '0', '0', '0', '0', '0', '0', '0', '0', '0', '0', '0', '0', '0', '0', '0', '0', '0', '0', '0', '0', '0', '0', '0', '0'),
('161103100747', 0, 6, '111213171819', '0', '0', '0', '0', '0', '0', '0', '0', '0', '0', '0', '0', '0', '0', '0', '0', '0', '0', '0', '0', '0', '0', '0', '0'),
('161103100809', 0, 6, '121314152021', '0', '0', '0', '0', '0', '0', '0', '0', '0', '0', '0', '0', '0', '0', '0', '0', '0', '0', '0', '0', '0', '0', '0', '0'),
('161103100903', 0, 7, '101112161718202122', '0', '0', '0', '0', '0', '0', '0', '0', '0', '0', '0', '0', '0', '0', '0', '0', '0', '0', '0', '0', '0', '0', '0', '0'),
('161115104715', 1, 8, '10111213181920', '0', '0', '0', '0', '0', '0', '0', '0', '0', '0', '0161114095443', '0', '0', '0', '0', '0', '0', '0', '0', '0', '0', '0', '0', '0');

-- --------------------------------------------------------

--
-- Table structure for table `t231116`
--

CREATE TABLE `t231116` (
  `id` varchar(15) NOT NULL,
  `total` int(11) DEFAULT '0',
  `dept` int(11) DEFAULT NULL,
  `time_slot` varchar(24) DEFAULT NULL,
  `t00` varchar(45) DEFAULT '0',
  `t01` varchar(45) DEFAULT '0',
  `t02` varchar(45) DEFAULT '0',
  `t03` varchar(45) DEFAULT '0',
  `t04` varchar(45) DEFAULT '0',
  `t05` varchar(45) DEFAULT '0',
  `t06` varchar(45) DEFAULT '0',
  `t07` varchar(45) DEFAULT '0',
  `t08` varchar(45) DEFAULT '0',
  `t09` varchar(45) DEFAULT '0',
  `t10` varchar(45) DEFAULT '0',
  `t11` varchar(45) DEFAULT '0',
  `t12` varchar(45) DEFAULT '0',
  `t13` varchar(45) DEFAULT '0',
  `t14` varchar(45) DEFAULT '0',
  `t15` varchar(45) DEFAULT '0',
  `t16` varchar(45) DEFAULT '0',
  `t17` varchar(45) DEFAULT '0',
  `t18` varchar(45) DEFAULT '0',
  `t19` varchar(45) DEFAULT '0',
  `t20` varchar(45) DEFAULT '0',
  `t21` varchar(45) DEFAULT '0',
  `t22` varchar(45) DEFAULT '0',
  `t23` varchar(45) DEFAULT '0'
) ENGINE=InnoDB DEFAULT CHARSET=latin1;

--
-- Dumping data for table `t231116`
--

INSERT INTO `t231116` (`id`, `total`, `dept`, `time_slot`, `t00`, `t01`, `t02`, `t03`, `t04`, `t05`, `t06`, `t07`, `t08`, `t09`, `t10`, `t11`, `t12`, `t13`, `t14`, `t15`, `t16`, `t17`, `t18`, `t19`, `t20`, `t21`, `t22`, `t23`) VALUES
('160820032654', 0, 1, '080910141516', '0', '0', '0', '0', '0', '0', '0', '0', '0', '0', '0', '0', '0', '0', '0', '0', '0', '0', '0', '0', '0', '0', '0', '0'),
('160821121720', 0, 1, '111213171819', '0', '0', '0', '0', '0', '0', '0', '0', '0', '0', '0', '0', '0', '0', '0', '0', '0', '0', '0', '0', '0', '0', '0', '0'),
('161103095631', 0, 2, '121314152021', '0', '0', '0', '0', '0', '0', '0', '0', '0', '0', '0', '0', '0', '0', '0', '0', '0', '0', '0', '0', '0', '0', '0', '0'),
('161103095752', 0, 2, '080910141516', '0', '0', '0', '0', '0', '0', '0', '0', '0', '0', '0', '0', '0', '0', '0', '0', '0', '0', '0', '0', '0', '0', '0', '0'),
('161103095817', 0, 2, '111213171819', '0', '0', '0', '0', '0', '0', '0', '0', '0', '0', '0', '0', '0', '0', '0', '0', '0', '0', '0', '0', '0', '0', '0', '0'),
('161103095858', 0, 3, '080910141516', '0', '0', '0', '0', '0', '0', '0', '0', '0', '0', '0', '0', '0', '0', '0', '0', '0', '0', '0', '0', '0', '0', '0', '0'),
('161103095922', 0, 3, '111213171819', '0', '0', '0', '0', '0', '0', '0', '0', '0', '0', '0', '0', '0', '0', '0', '0', '0', '0', '0', '0', '0', '0', '0', '0'),
('161103100035', 0, 4, '080910141516', '0', '0', '0', '0', '0', '0', '0', '0', '0', '0', '0', '0', '0', '0', '0', '0', '0', '0', '0', '0', '0', '0', '0', '0'),
('161103100115', 0, 4, '111213171819', '0', '0', '0', '0', '0', '0', '0', '0', '0', '0', '0', '0', '0', '0', '0', '0', '0', '0', '0', '0', '0', '0', '0', '0'),
('161103100320', 0, 4, '121314152021', '0', '0', '0', '0', '0', '0', '0', '0', '0', '0', '0', '0', '0', '0', '0', '0', '0', '0', '0', '0', '0', '0', '0', '0'),
('161103100445', 0, 5, '080910141516', '0', '0', '0', '0', '0', '0', '0', '0', '0', '0', '0', '0', '0', '0', '0', '0', '0', '0', '0', '0', '0', '0', '0', '0'),
('161103100509', 0, 5, '111213171819', '0', '0', '0', '0', '0', '0', '0', '0', '0', '0', '0', '0', '0', '0', '0', '0', '0', '0', '0', '0', '0', '0', '0', '0'),
('161103100537', 0, 5, '121314152021', '0', '0', '0', '0', '0', '0', '0', '0', '0', '0', '0', '0', '0', '0', '0', '0', '0', '0', '0', '0', '0', '0', '0', '0'),
('161103100723', 0, 6, '080910141516', '0', '0', '0', '0', '0', '0', '0', '0', '0', '0', '0', '0', '0', '0', '0', '0', '0', '0', '0', '0', '0', '0', '0', '0'),
('161103100747', 0, 6, '111213171819', '0', '0', '0', '0', '0', '0', '0', '0', '0', '0', '0', '0', '0', '0', '0', '0', '0', '0', '0', '0', '0', '0', '0', '0'),
('161103100809', 0, 6, '121314152021', '0', '0', '0', '0', '0', '0', '0', '0', '0', '0', '0', '0', '0', '0', '0', '0', '0', '0', '0', '0', '0', '0', '0', '0'),
('161103100903', 0, 7, '101112161718202122', '0', '0', '0', '0', '0', '0', '0', '0', '0', '0', '0', '0', '0', '0', '0', '0', '0', '0', '0', '0', '0', '0', '0', '0'),
('161115104715', 0, 8, '10111213181920', '0', '0', '0', '0', '0', '0', '0', '0', '0', '0', '0', '0', '0', '0', '0', '0', '0', '0', '0', '0', '0', '0', '0', '0');

-- --------------------------------------------------------

--
-- Table structure for table `t241116`
--

CREATE TABLE `t241116` (
  `id` varchar(15) NOT NULL,
  `total` int(11) DEFAULT '0',
  `dept` int(11) DEFAULT NULL,
  `time_slot` varchar(24) DEFAULT NULL,
  `t00` varchar(45) DEFAULT '0',
  `t01` varchar(45) DEFAULT '0',
  `t02` varchar(45) DEFAULT '0',
  `t03` varchar(45) DEFAULT '0',
  `t04` varchar(45) DEFAULT '0',
  `t05` varchar(45) DEFAULT '0',
  `t06` varchar(45) DEFAULT '0',
  `t07` varchar(45) DEFAULT '0',
  `t08` varchar(45) DEFAULT '0',
  `t09` varchar(45) DEFAULT '0',
  `t10` varchar(45) DEFAULT '0',
  `t11` varchar(45) DEFAULT '0',
  `t12` varchar(45) DEFAULT '0',
  `t13` varchar(45) DEFAULT '0',
  `t14` varchar(45) DEFAULT '0',
  `t15` varchar(45) DEFAULT '0',
  `t16` varchar(45) DEFAULT '0',
  `t17` varchar(45) DEFAULT '0',
  `t18` varchar(45) DEFAULT '0',
  `t19` varchar(45) DEFAULT '0',
  `t20` varchar(45) DEFAULT '0',
  `t21` varchar(45) DEFAULT '0',
  `t22` varchar(45) DEFAULT '0',
  `t23` varchar(45) DEFAULT '0'
) ENGINE=InnoDB DEFAULT CHARSET=latin1;

--
-- Dumping data for table `t241116`
--

INSERT INTO `t241116` (`id`, `total`, `dept`, `time_slot`, `t00`, `t01`, `t02`, `t03`, `t04`, `t05`, `t06`, `t07`, `t08`, `t09`, `t10`, `t11`, `t12`, `t13`, `t14`, `t15`, `t16`, `t17`, `t18`, `t19`, `t20`, `t21`, `t22`, `t23`) VALUES
('160820032654', 0, 1, '080910141516', '0', '0', '0', '0', '0', '0', '0', '0', '0', '0', '0', '0', '0', '0', '0', '0', '0', '0', '0', '0', '0', '0', '0', '0'),
('160821121720', 0, 1, '111213171819', '0', '0', '0', '0', '0', '0', '0', '0', '0', '0', '0', '0', '0', '0', '0', '0', '0', '0', '0', '0', '0', '0', '0', '0'),
('161103095631', 0, 2, '121314152021', '0', '0', '0', '0', '0', '0', '0', '0', '0', '0', '0', '0', '0', '0', '0', '0', '0', '0', '0', '0', '0', '0', '0', '0'),
('161103095752', 0, 2, '080910141516', '0', '0', '0', '0', '0', '0', '0', '0', '0', '0', '0', '0', '0', '0', '0', '0', '0', '0', '0', '0', '0', '0', '0', '0'),
('161103095817', 0, 2, '111213171819', '0', '0', '0', '0', '0', '0', '0', '0', '0', '0', '0', '0', '0', '0', '0', '0', '0', '0', '0', '0', '0', '0', '0', '0'),
('161103095858', 0, 3, '080910141516', '0', '0', '0', '0', '0', '0', '0', '0', '0', '0', '0', '0', '0', '0', '0', '0', '0', '0', '0', '0', '0', '0', '0', '0'),
('161103095922', 0, 3, '111213171819', '0', '0', '0', '0', '0', '0', '0', '0', '0', '0', '0', '0', '0', '0', '0', '0', '0', '0', '0', '0', '0', '0', '0', '0'),
('161103100035', 0, 4, '080910141516', '0', '0', '0', '0', '0', '0', '0', '0', '0', '0', '0', '0', '0', '0', '0', '0', '0', '0', '0', '0', '0', '0', '0', '0'),
('161103100115', 0, 4, '111213171819', '0', '0', '0', '0', '0', '0', '0', '0', '0', '0', '0', '0', '0', '0', '0', '0', '0', '0', '0', '0', '0', '0', '0', '0'),
('161103100320', 0, 4, '121314152021', '0', '0', '0', '0', '0', '0', '0', '0', '0', '0', '0', '0', '0', '0', '0', '0', '0', '0', '0', '0', '0', '0', '0', '0'),
('161103100445', 0, 5, '080910141516', '0', '0', '0', '0', '0', '0', '0', '0', '0', '0', '0', '0', '0', '0', '0', '0', '0', '0', '0', '0', '0', '0', '0', '0'),
('161103100509', 0, 5, '111213171819', '0', '0', '0', '0', '0', '0', '0', '0', '0', '0', '0', '0', '0', '0', '0', '0', '0', '0', '0', '0', '0', '0', '0', '0'),
('161103100537', 0, 5, '121314152021', '0', '0', '0', '0', '0', '0', '0', '0', '0', '0', '0', '0', '0', '0', '0', '0', '0', '0', '0', '0', '0', '0', '0', '0'),
('161103100723', 0, 6, '080910141516', '0', '0', '0', '0', '0', '0', '0', '0', '0', '0', '0', '0', '0', '0', '0', '0', '0', '0', '0', '0', '0', '0', '0', '0'),
('161103100747', 0, 6, '111213171819', '0', '0', '0', '0', '0', '0', '0', '0', '0', '0', '0', '0', '0', '0', '0', '0', '0', '0', '0', '0', '0', '0', '0', '0'),
('161103100809', 0, 6, '121314152021', '0', '0', '0', '0', '0', '0', '0', '0', '0', '0', '0', '0', '0', '0', '0', '0', '0', '0', '0', '0', '0', '0', '0', '0'),
('161103100903', 0, 7, '101112161718202122', '0', '0', '0', '0', '0', '0', '0', '0', '0', '0', '0', '0', '0', '0', '0', '0', '0', '0', '0', '0', '0', '0', '0', '0'),
('161115104715', 0, 8, '10111213181920', '0', '0', '0', '0', '0', '0', '0', '0', '0', '0', '0', '0', '0', '0', '0', '0', '0', '0', '0', '0', '0', '0', '0', '0');

-- --------------------------------------------------------

--
-- Table structure for table `t251116`
--

CREATE TABLE `t251116` (
  `id` varchar(15) NOT NULL,
  `total` int(11) DEFAULT '0',
  `dept` int(11) DEFAULT NULL,
  `time_slot` varchar(24) DEFAULT NULL,
  `t00` varchar(45) DEFAULT '0',
  `t01` varchar(45) DEFAULT '0',
  `t02` varchar(45) DEFAULT '0',
  `t03` varchar(45) DEFAULT '0',
  `t04` varchar(45) DEFAULT '0',
  `t05` varchar(45) DEFAULT '0',
  `t06` varchar(45) DEFAULT '0',
  `t07` varchar(45) DEFAULT '0',
  `t08` varchar(45) DEFAULT '0',
  `t09` varchar(45) DEFAULT '0',
  `t10` varchar(45) DEFAULT '0',
  `t11` varchar(45) DEFAULT '0',
  `t12` varchar(45) DEFAULT '0',
  `t13` varchar(45) DEFAULT '0',
  `t14` varchar(45) DEFAULT '0',
  `t15` varchar(45) DEFAULT '0',
  `t16` varchar(45) DEFAULT '0',
  `t17` varchar(45) DEFAULT '0',
  `t18` varchar(45) DEFAULT '0',
  `t19` varchar(45) DEFAULT '0',
  `t20` varchar(45) DEFAULT '0',
  `t21` varchar(45) DEFAULT '0',
  `t22` varchar(45) DEFAULT '0',
  `t23` varchar(45) DEFAULT '0'
) ENGINE=InnoDB DEFAULT CHARSET=latin1;

--
-- Dumping data for table `t251116`
--

INSERT INTO `t251116` (`id`, `total`, `dept`, `time_slot`, `t00`, `t01`, `t02`, `t03`, `t04`, `t05`, `t06`, `t07`, `t08`, `t09`, `t10`, `t11`, `t12`, `t13`, `t14`, `t15`, `t16`, `t17`, `t18`, `t19`, `t20`, `t21`, `t22`, `t23`) VALUES
('160820032654', 0, 1, '080910141516', '0', '0', '0', '0', '0', '0', '0', '0', '0', '0', '0', '0', '0', '0', '0', '0', '0', '0', '0', '0', '0', '0', '0', '0'),
('160821121720', 0, 1, '111213171819', '0', '0', '0', '0', '0', '0', '0', '0', '0', '0', '0', '0', '0', '0', '0', '0', '0', '0', '0', '0', '0', '0', '0', '0'),
('161103095631', 0, 2, '121314152021', '0', '0', '0', '0', '0', '0', '0', '0', '0', '0', '0', '0', '0', '0', '0', '0', '0', '0', '0', '0', '0', '0', '0', '0'),
('161103095752', 0, 2, '080910141516', '0', '0', '0', '0', '0', '0', '0', '0', '0', '0', '0', '0', '0', '0', '0', '0', '0', '0', '0', '0', '0', '0', '0', '0'),
('161103095817', 0, 2, '111213171819', '0', '0', '0', '0', '0', '0', '0', '0', '0', '0', '0', '0', '0', '0', '0', '0', '0', '0', '0', '0', '0', '0', '0', '0'),
('161103095858', 0, 3, '080910141516', '0', '0', '0', '0', '0', '0', '0', '0', '0', '0', '0', '0', '0', '0', '0', '0', '0', '0', '0', '0', '0', '0', '0', '0'),
('161103095922', 0, 3, '111213171819', '0', '0', '0', '0', '0', '0', '0', '0', '0', '0', '0', '0', '0', '0', '0', '0', '0', '0', '0', '0', '0', '0', '0', '0'),
('161103100035', 0, 4, '080910141516', '0', '0', '0', '0', '0', '0', '0', '0', '0', '0', '0', '0', '0', '0', '0', '0', '0', '0', '0', '0', '0', '0', '0', '0'),
('161103100115', 0, 4, '111213171819', '0', '0', '0', '0', '0', '0', '0', '0', '0', '0', '0', '0', '0', '0', '0', '0', '0', '0', '0', '0', '0', '0', '0', '0'),
('161103100320', 0, 4, '121314152021', '0', '0', '0', '0', '0', '0', '0', '0', '0', '0', '0', '0', '0', '0', '0', '0', '0', '0', '0', '0', '0', '0', '0', '0'),
('161103100445', 0, 5, '080910141516', '0', '0', '0', '0', '0', '0', '0', '0', '0', '0', '0', '0', '0', '0', '0', '0', '0', '0', '0', '0', '0', '0', '0', '0'),
('161103100509', 0, 5, '111213171819', '0', '0', '0', '0', '0', '0', '0', '0', '0', '0', '0', '0', '0', '0', '0', '0', '0', '0', '0', '0', '0', '0', '0', '0'),
('161103100537', 0, 5, '121314152021', '0', '0', '0', '0', '0', '0', '0', '0', '0', '0', '0', '0', '0', '0', '0', '0', '0', '0', '0', '0', '0', '0', '0', '0'),
('161103100723', 0, 6, '080910141516', '0', '0', '0', '0', '0', '0', '0', '0', '0', '0', '0', '0', '0', '0', '0', '0', '0', '0', '0', '0', '0', '0', '0', '0'),
('161103100747', 0, 6, '111213171819', '0', '0', '0', '0', '0', '0', '0', '0', '0', '0', '0', '0', '0', '0', '0', '0', '0', '0', '0', '0', '0', '0', '0', '0'),
('161103100809', 0, 6, '121314152021', '0', '0', '0', '0', '0', '0', '0', '0', '0', '0', '0', '0', '0', '0', '0', '0', '0', '0', '0', '0', '0', '0', '0', '0'),
('161103100903', 0, 7, '101112161718202122', '0', '0', '0', '0', '0', '0', '0', '0', '0', '0', '0', '0', '0', '0', '0', '0', '0', '0', '0', '0', '0', '0', '0', '0'),
('161115104715', 0, 8, '10111213181920', '0', '0', '0', '0', '0', '0', '0', '0', '0', '0', '0', '0', '0', '0', '0', '0', '0', '0', '0', '0', '0', '0', '0', '0');

-- --------------------------------------------------------

--
-- Table structure for table `t261116`
--

CREATE TABLE `t261116` (
  `id` varchar(15) NOT NULL,
  `total` int(11) DEFAULT '0',
  `dept` int(11) DEFAULT NULL,
  `time_slot` varchar(24) DEFAULT NULL,
  `t00` varchar(45) DEFAULT '0',
  `t01` varchar(45) DEFAULT '0',
  `t02` varchar(45) DEFAULT '0',
  `t03` varchar(45) DEFAULT '0',
  `t04` varchar(45) DEFAULT '0',
  `t05` varchar(45) DEFAULT '0',
  `t06` varchar(45) DEFAULT '0',
  `t07` varchar(45) DEFAULT '0',
  `t08` varchar(45) DEFAULT '0',
  `t09` varchar(45) DEFAULT '0',
  `t10` varchar(45) DEFAULT '0',
  `t11` varchar(45) DEFAULT '0',
  `t12` varchar(45) DEFAULT '0',
  `t13` varchar(45) DEFAULT '0',
  `t14` varchar(45) DEFAULT '0',
  `t15` varchar(45) DEFAULT '0',
  `t16` varchar(45) DEFAULT '0',
  `t17` varchar(45) DEFAULT '0',
  `t18` varchar(45) DEFAULT '0',
  `t19` varchar(45) DEFAULT '0',
  `t20` varchar(45) DEFAULT '0',
  `t21` varchar(45) DEFAULT '0',
  `t22` varchar(45) DEFAULT '0',
  `t23` varchar(45) DEFAULT '0'
) ENGINE=InnoDB DEFAULT CHARSET=latin1;

--
-- Dumping data for table `t261116`
--

INSERT INTO `t261116` (`id`, `total`, `dept`, `time_slot`, `t00`, `t01`, `t02`, `t03`, `t04`, `t05`, `t06`, `t07`, `t08`, `t09`, `t10`, `t11`, `t12`, `t13`, `t14`, `t15`, `t16`, `t17`, `t18`, `t19`, `t20`, `t21`, `t22`, `t23`) VALUES
('160820032654', 0, 1, '080910141516', '0', '0', '0', '0', '0', '0', '0', '0', '0', '0', '0', '0', '0', '0', '0', '0', '0', '0', '0', '0', '0', '0', '0', '0'),
('160821121720', 0, 1, '111213171819', '0', '0', '0', '0', '0', '0', '0', '0', '0', '0', '0', '0', '0', '0', '0', '0', '0', '0', '0', '0', '0', '0', '0', '0'),
('161103095631', 0, 2, '121314152021', '0', '0', '0', '0', '0', '0', '0', '0', '0', '0', '0', '0', '0', '0', '0', '0', '0', '0', '0', '0', '0', '0', '0', '0'),
('161103095752', 0, 2, '080910141516', '0', '0', '0', '0', '0', '0', '0', '0', '0', '0', '0', '0', '0', '0', '0', '0', '0', '0', '0', '0', '0', '0', '0', '0'),
('161103095817', 0, 2, '111213171819', '0', '0', '0', '0', '0', '0', '0', '0', '0', '0', '0', '0', '0', '0', '0', '0', '0', '0', '0', '0', '0', '0', '0', '0'),
('161103095858', 0, 3, '080910141516', '0', '0', '0', '0', '0', '0', '0', '0', '0', '0', '0', '0', '0', '0', '0', '0', '0', '0', '0', '0', '0', '0', '0', '0'),
('161103095922', 0, 3, '111213171819', '0', '0', '0', '0', '0', '0', '0', '0', '0', '0', '0', '0', '0', '0', '0', '0', '0', '0', '0', '0', '0', '0', '0', '0'),
('161103100035', 0, 4, '080910141516', '0', '0', '0', '0', '0', '0', '0', '0', '0', '0', '0', '0', '0', '0', '0', '0', '0', '0', '0', '0', '0', '0', '0', '0'),
('161103100115', 0, 4, '111213171819', '0', '0', '0', '0', '0', '0', '0', '0', '0', '0', '0', '0', '0', '0', '0', '0', '0', '0', '0', '0', '0', '0', '0', '0'),
('161103100320', 0, 4, '121314152021', '0', '0', '0', '0', '0', '0', '0', '0', '0', '0', '0', '0', '0', '0', '0', '0', '0', '0', '0', '0', '0', '0', '0', '0'),
('161103100445', 0, 5, '080910141516', '0', '0', '0', '0', '0', '0', '0', '0', '0', '0', '0', '0', '0', '0', '0', '0', '0', '0', '0', '0', '0', '0', '0', '0'),
('161103100509', 0, 5, '111213171819', '0', '0', '0', '0', '0', '0', '0', '0', '0', '0', '0', '0', '0', '0', '0', '0', '0', '0', '0', '0', '0', '0', '0', '0'),
('161103100537', 0, 5, '121314152021', '0', '0', '0', '0', '0', '0', '0', '0', '0', '0', '0', '0', '0', '0', '0', '0', '0', '0', '0', '0', '0', '0', '0', '0'),
('161103100723', 0, 6, '080910141516', '0', '0', '0', '0', '0', '0', '0', '0', '0', '0', '0', '0', '0', '0', '0', '0', '0', '0', '0', '0', '0', '0', '0', '0'),
('161103100747', 0, 6, '111213171819', '0', '0', '0', '0', '0', '0', '0', '0', '0', '0', '0', '0', '0', '0', '0', '0', '0', '0', '0', '0', '0', '0', '0', '0'),
('161103100809', 0, 6, '121314152021', '0', '0', '0', '0', '0', '0', '0', '0', '0', '0', '0', '0', '0', '0', '0', '0', '0', '0', '0', '0', '0', '0', '0', '0'),
('161103100903', 0, 7, '101112161718202122', '0', '0', '0', '0', '0', '0', '0', '0', '0', '0', '0', '0', '0', '0', '0', '0', '0', '0', '0', '0', '0', '0', '0', '0'),
('161115104715', 0, 8, '10111213181920', '0', '0', '0', '0', '0', '0', '0', '0', '0', '0', '0', '0', '0', '0', '0', '0', '0', '0', '0', '0', '0', '0', '0', '0');

-- --------------------------------------------------------

--
-- Table structure for table `t271116`
--

CREATE TABLE `t271116` (
  `id` varchar(15) NOT NULL,
  `total` int(11) DEFAULT '0',
  `dept` int(11) DEFAULT NULL,
  `time_slot` varchar(24) DEFAULT NULL,
  `t00` varchar(45) DEFAULT '0',
  `t01` varchar(45) DEFAULT '0',
  `t02` varchar(45) DEFAULT '0',
  `t03` varchar(45) DEFAULT '0',
  `t04` varchar(45) DEFAULT '0',
  `t05` varchar(45) DEFAULT '0',
  `t06` varchar(45) DEFAULT '0',
  `t07` varchar(45) DEFAULT '0',
  `t08` varchar(45) DEFAULT '0',
  `t09` varchar(45) DEFAULT '0',
  `t10` varchar(45) DEFAULT '0',
  `t11` varchar(45) DEFAULT '0',
  `t12` varchar(45) DEFAULT '0',
  `t13` varchar(45) DEFAULT '0',
  `t14` varchar(45) DEFAULT '0',
  `t15` varchar(45) DEFAULT '0',
  `t16` varchar(45) DEFAULT '0',
  `t17` varchar(45) DEFAULT '0',
  `t18` varchar(45) DEFAULT '0',
  `t19` varchar(45) DEFAULT '0',
  `t20` varchar(45) DEFAULT '0',
  `t21` varchar(45) DEFAULT '0',
  `t22` varchar(45) DEFAULT '0',
  `t23` varchar(45) DEFAULT '0'
) ENGINE=InnoDB DEFAULT CHARSET=latin1;

--
-- Dumping data for table `t271116`
--

INSERT INTO `t271116` (`id`, `total`, `dept`, `time_slot`, `t00`, `t01`, `t02`, `t03`, `t04`, `t05`, `t06`, `t07`, `t08`, `t09`, `t10`, `t11`, `t12`, `t13`, `t14`, `t15`, `t16`, `t17`, `t18`, `t19`, `t20`, `t21`, `t22`, `t23`) VALUES
('160820032654', 0, 1, '080910141516', '0', '0', '0', '0', '0', '0', '0', '0', '0', '0', '0', '0', '0', '0', '0', '0', '0', '0', '0', '0', '0', '0', '0', '0'),
('160821121720', 0, 1, '111213171819', '0', '0', '0', '0', '0', '0', '0', '0', '0', '0', '0', '0', '0', '0', '0', '0', '0', '0', '0', '0', '0', '0', '0', '0'),
('161103095631', 0, 2, '121314152021', '0', '0', '0', '0', '0', '0', '0', '0', '0', '0', '0', '0', '0', '0', '0', '0', '0', '0', '0', '0', '0', '0', '0', '0'),
('161103095752', 0, 2, '080910141516', '0', '0', '0', '0', '0', '0', '0', '0', '0', '0', '0', '0', '0', '0', '0', '0', '0', '0', '0', '0', '0', '0', '0', '0'),
('161103095817', 0, 2, '111213171819', '0', '0', '0', '0', '0', '0', '0', '0', '0', '0', '0', '0', '0', '0', '0', '0', '0', '0', '0', '0', '0', '0', '0', '0'),
('161103095858', 0, 3, '080910141516', '0', '0', '0', '0', '0', '0', '0', '0', '0', '0', '0', '0', '0', '0', '0', '0', '0', '0', '0', '0', '0', '0', '0', '0'),
('161103095922', 0, 3, '111213171819', '0', '0', '0', '0', '0', '0', '0', '0', '0', '0', '0', '0', '0', '0', '0', '0', '0', '0', '0', '0', '0', '0', '0', '0'),
('161103100035', 0, 4, '080910141516', '0', '0', '0', '0', '0', '0', '0', '0', '0', '0', '0', '0', '0', '0', '0', '0', '0', '0', '0', '0', '0', '0', '0', '0'),
('161103100115', 0, 4, '111213171819', '0', '0', '0', '0', '0', '0', '0', '0', '0', '0', '0', '0', '0', '0', '0', '0', '0', '0', '0', '0', '0', '0', '0', '0'),
('161103100320', 0, 4, '121314152021', '0', '0', '0', '0', '0', '0', '0', '0', '0', '0', '0', '0', '0', '0', '0', '0', '0', '0', '0', '0', '0', '0', '0', '0'),
('161103100445', 0, 5, '080910141516', '0', '0', '0', '0', '0', '0', '0', '0', '0', '0', '0', '0', '0', '0', '0', '0', '0', '0', '0', '0', '0', '0', '0', '0'),
('161103100509', 0, 5, '111213171819', '0', '0', '0', '0', '0', '0', '0', '0', '0', '0', '0', '0', '0', '0', '0', '0', '0', '0', '0', '0', '0', '0', '0', '0'),
('161103100537', 0, 5, '121314152021', '0', '0', '0', '0', '0', '0', '0', '0', '0', '0', '0', '0', '0', '0', '0', '0', '0', '0', '0', '0', '0', '0', '0', '0'),
('161103100723', 0, 6, '080910141516', '0', '0', '0', '0', '0', '0', '0', '0', '0', '0', '0', '0', '0', '0', '0', '0', '0', '0', '0', '0', '0', '0', '0', '0'),
('161103100747', 0, 6, '111213171819', '0', '0', '0', '0', '0', '0', '0', '0', '0', '0', '0', '0', '0', '0', '0', '0', '0', '0', '0', '0', '0', '0', '0', '0'),
('161103100809', 0, 6, '121314152021', '0', '0', '0', '0', '0', '0', '0', '0', '0', '0', '0', '0', '0', '0', '0', '0', '0', '0', '0', '0', '0', '0', '0', '0'),
('161103100903', 0, 7, '101112161718202122', '0', '0', '0', '0', '0', '0', '0', '0', '0', '0', '0', '0', '0', '0', '0', '0', '0', '0', '0', '0', '0', '0', '0', '0'),
('161115104715', 0, 8, '10111213181920', '0', '0', '0', '0', '0', '0', '0', '0', '0', '0', '0', '0', '0', '0', '0', '0', '0', '0', '0', '0', '0', '0', '0', '0');

-- --------------------------------------------------------

--
-- Table structure for table `t281116`
--

CREATE TABLE `t281116` (
  `id` varchar(15) NOT NULL,
  `total` int(11) DEFAULT '0',
  `dept` int(11) DEFAULT NULL,
  `time_slot` varchar(24) DEFAULT NULL,
  `t00` varchar(45) DEFAULT '0',
  `t01` varchar(45) DEFAULT '0',
  `t02` varchar(45) DEFAULT '0',
  `t03` varchar(45) DEFAULT '0',
  `t04` varchar(45) DEFAULT '0',
  `t05` varchar(45) DEFAULT '0',
  `t06` varchar(45) DEFAULT '0',
  `t07` varchar(45) DEFAULT '0',
  `t08` varchar(45) DEFAULT '0',
  `t09` varchar(45) DEFAULT '0',
  `t10` varchar(45) DEFAULT '0',
  `t11` varchar(45) DEFAULT '0',
  `t12` varchar(45) DEFAULT '0',
  `t13` varchar(45) DEFAULT '0',
  `t14` varchar(45) DEFAULT '0',
  `t15` varchar(45) DEFAULT '0',
  `t16` varchar(45) DEFAULT '0',
  `t17` varchar(45) DEFAULT '0',
  `t18` varchar(45) DEFAULT '0',
  `t19` varchar(45) DEFAULT '0',
  `t20` varchar(45) DEFAULT '0',
  `t21` varchar(45) DEFAULT '0',
  `t22` varchar(45) DEFAULT '0',
  `t23` varchar(45) DEFAULT '0'
) ENGINE=InnoDB DEFAULT CHARSET=latin1;

--
-- Dumping data for table `t281116`
--

INSERT INTO `t281116` (`id`, `total`, `dept`, `time_slot`, `t00`, `t01`, `t02`, `t03`, `t04`, `t05`, `t06`, `t07`, `t08`, `t09`, `t10`, `t11`, `t12`, `t13`, `t14`, `t15`, `t16`, `t17`, `t18`, `t19`, `t20`, `t21`, `t22`, `t23`) VALUES
('160820032654', 0, 1, '080910141516', '0', '0', '0', '0', '0', '0', '0', '0', '0', '0', '0', '0', '0', '0', '0', '0', '0', '0', '0', '0', '0', '0', '0', '0'),
('160821121720', 0, 1, '111213171819', '0', '0', '0', '0', '0', '0', '0', '0', '0', '0', '0', '0', '0', '0', '0', '0', '0', '0', '0', '0', '0', '0', '0', '0'),
('161103095631', 0, 2, '121314152021', '0', '0', '0', '0', '0', '0', '0', '0', '0', '0', '0', '0', '0', '0', '0', '0', '0', '0', '0', '0', '0', '0', '0', '0'),
('161103095752', 0, 2, '080910141516', '0', '0', '0', '0', '0', '0', '0', '0', '0', '0', '0', '0', '0', '0', '0', '0', '0', '0', '0', '0', '0', '0', '0', '0'),
('161103095817', 0, 2, '111213171819', '0', '0', '0', '0', '0', '0', '0', '0', '0', '0', '0', '0', '0', '0', '0', '0', '0', '0', '0', '0', '0', '0', '0', '0'),
('161103095858', 0, 3, '080910141516', '0', '0', '0', '0', '0', '0', '0', '0', '0', '0', '0', '0', '0', '0', '0', '0', '0', '0', '0', '0', '0', '0', '0', '0'),
('161103095922', 0, 3, '111213171819', '0', '0', '0', '0', '0', '0', '0', '0', '0', '0', '0', '0', '0', '0', '0', '0', '0', '0', '0', '0', '0', '0', '0', '0'),
('161103100035', 0, 4, '080910141516', '0', '0', '0', '0', '0', '0', '0', '0', '0', '0', '0', '0', '0', '0', '0', '0', '0', '0', '0', '0', '0', '0', '0', '0'),
('161103100115', 0, 4, '111213171819', '0', '0', '0', '0', '0', '0', '0', '0', '0', '0', '0', '0', '0', '0', '0', '0', '0', '0', '0', '0', '0', '0', '0', '0'),
('161103100320', 0, 4, '121314152021', '0', '0', '0', '0', '0', '0', '0', '0', '0', '0', '0', '0', '0', '0', '0', '0', '0', '0', '0', '0', '0', '0', '0', '0'),
('161103100445', 0, 5, '080910141516', '0', '0', '0', '0', '0', '0', '0', '0', '0', '0', '0', '0', '0', '0', '0', '0', '0', '0', '0', '0', '0', '0', '0', '0'),
('161103100509', 0, 5, '111213171819', '0', '0', '0', '0', '0', '0', '0', '0', '0', '0', '0', '0', '0', '0', '0', '0', '0', '0', '0', '0', '0', '0', '0', '0'),
('161103100537', 0, 5, '121314152021', '0', '0', '0', '0', '0', '0', '0', '0', '0', '0', '0', '0', '0', '0', '0', '0', '0', '0', '0', '0', '0', '0', '0', '0'),
('161103100723', 0, 6, '080910141516', '0', '0', '0', '0', '0', '0', '0', '0', '0', '0', '0', '0', '0', '0', '0', '0', '0', '0', '0', '0', '0', '0', '0', '0'),
('161103100747', 0, 6, '111213171819', '0', '0', '0', '0', '0', '0', '0', '0', '0', '0', '0', '0', '0', '0', '0', '0', '0', '0', '0', '0', '0', '0', '0', '0'),
('161103100809', 0, 6, '121314152021', '0', '0', '0', '0', '0', '0', '0', '0', '0', '0', '0', '0', '0', '0', '0', '0', '0', '0', '0', '0', '0', '0', '0', '0'),
('161103100903', 0, 7, '101112161718202122', '0', '0', '0', '0', '0', '0', '0', '0', '0', '0', '0', '0', '0', '0', '0', '0', '0', '0', '0', '0', '0', '0', '0', '0'),
('161115104715', 0, 8, '10111213181920', '0', '0', '0', '0', '0', '0', '0', '0', '0', '0', '0', '0', '0', '0', '0', '0', '0', '0', '0', '0', '0', '0', '0', '0');

-- --------------------------------------------------------

--
-- Table structure for table `t291116`
--

CREATE TABLE `t291116` (
  `id` varchar(15) NOT NULL,
  `total` int(11) DEFAULT '0',
  `dept` int(11) DEFAULT NULL,
  `time_slot` varchar(24) DEFAULT NULL,
  `t00` varchar(45) DEFAULT '0',
  `t01` varchar(45) DEFAULT '0',
  `t02` varchar(45) DEFAULT '0',
  `t03` varchar(45) DEFAULT '0',
  `t04` varchar(45) DEFAULT '0',
  `t05` varchar(45) DEFAULT '0',
  `t06` varchar(45) DEFAULT '0',
  `t07` varchar(45) DEFAULT '0',
  `t08` varchar(45) DEFAULT '0',
  `t09` varchar(45) DEFAULT '0',
  `t10` varchar(45) DEFAULT '0',
  `t11` varchar(45) DEFAULT '0',
  `t12` varchar(45) DEFAULT '0',
  `t13` varchar(45) DEFAULT '0',
  `t14` varchar(45) DEFAULT '0',
  `t15` varchar(45) DEFAULT '0',
  `t16` varchar(45) DEFAULT '0',
  `t17` varchar(45) DEFAULT '0',
  `t18` varchar(45) DEFAULT '0',
  `t19` varchar(45) DEFAULT '0',
  `t20` varchar(45) DEFAULT '0',
  `t21` varchar(45) DEFAULT '0',
  `t22` varchar(45) DEFAULT '0',
  `t23` varchar(45) DEFAULT '0'
) ENGINE=InnoDB DEFAULT CHARSET=latin1;

--
-- Dumping data for table `t291116`
--

INSERT INTO `t291116` (`id`, `total`, `dept`, `time_slot`, `t00`, `t01`, `t02`, `t03`, `t04`, `t05`, `t06`, `t07`, `t08`, `t09`, `t10`, `t11`, `t12`, `t13`, `t14`, `t15`, `t16`, `t17`, `t18`, `t19`, `t20`, `t21`, `t22`, `t23`) VALUES
('160820032654', 0, 1, '080910141516', '0', '0', '0', '0', '0', '0', '0', '0', '0', '0', '0', '0', '0', '0', '0', '0', '0', '0', '0', '0', '0', '0', '0', '0'),
('160821121720', 0, 1, '111213171819', '0', '0', '0', '0', '0', '0', '0', '0', '0', '0', '0', '0', '0', '0', '0', '0', '0', '0', '0', '0', '0', '0', '0', '0'),
('161103095631', 0, 2, '121314152021', '0', '0', '0', '0', '0', '0', '0', '0', '0', '0', '0', '0', '0', '0', '0', '0', '0', '0', '0', '0', '0', '0', '0', '0'),
('161103095752', 0, 2, '080910141516', '0', '0', '0', '0', '0', '0', '0', '0', '0', '0', '0', '0', '0', '0', '0', '0', '0', '0', '0', '0', '0', '0', '0', '0'),
('161103095817', 0, 2, '111213171819', '0', '0', '0', '0', '0', '0', '0', '0', '0', '0', '0', '0', '0', '0', '0', '0', '0', '0', '0', '0', '0', '0', '0', '0'),
('161103095858', 0, 3, '080910141516', '0', '0', '0', '0', '0', '0', '0', '0', '0', '0', '0', '0', '0', '0', '0', '0', '0', '0', '0', '0', '0', '0', '0', '0'),
('161103095922', 0, 3, '111213171819', '0', '0', '0', '0', '0', '0', '0', '0', '0', '0', '0', '0', '0', '0', '0', '0', '0', '0', '0', '0', '0', '0', '0', '0'),
('161103100035', 0, 4, '080910141516', '0', '0', '0', '0', '0', '0', '0', '0', '0', '0', '0', '0', '0', '0', '0', '0', '0', '0', '0', '0', '0', '0', '0', '0'),
('161103100115', 0, 4, '111213171819', '0', '0', '0', '0', '0', '0', '0', '0', '0', '0', '0', '0', '0', '0', '0', '0', '0', '0', '0', '0', '0', '0', '0', '0'),
('161103100320', 0, 4, '121314152021', '0', '0', '0', '0', '0', '0', '0', '0', '0', '0', '0', '0', '0', '0', '0', '0', '0', '0', '0', '0', '0', '0', '0', '0'),
('161103100445', 0, 5, '080910141516', '0', '0', '0', '0', '0', '0', '0', '0', '0', '0', '0', '0', '0', '0', '0', '0', '0', '0', '0', '0', '0', '0', '0', '0'),
('161103100509', 0, 5, '111213171819', '0', '0', '0', '0', '0', '0', '0', '0', '0', '0', '0', '0', '0', '0', '0', '0', '0', '0', '0', '0', '0', '0', '0', '0'),
('161103100537', 0, 5, '121314152021', '0', '0', '0', '0', '0', '0', '0', '0', '0', '0', '0', '0', '0', '0', '0', '0', '0', '0', '0', '0', '0', '0', '0', '0'),
('161103100723', 0, 6, '080910141516', '0', '0', '0', '0', '0', '0', '0', '0', '0', '0', '0', '0', '0', '0', '0', '0', '0', '0', '0', '0', '0', '0', '0', '0'),
('161103100747', 0, 6, '111213171819', '0', '0', '0', '0', '0', '0', '0', '0', '0', '0', '0', '0', '0', '0', '0', '0', '0', '0', '0', '0', '0', '0', '0', '0'),
('161103100809', 0, 6, '121314152021', '0', '0', '0', '0', '0', '0', '0', '0', '0', '0', '0', '0', '0', '0', '0', '0', '0', '0', '0', '0', '0', '0', '0', '0'),
('161103100903', 0, 7, '101112161718202122', '0', '0', '0', '0', '0', '0', '0', '0', '0', '0', '0', '0', '0', '0', '0', '0', '0', '0', '0', '0', '0', '0', '0', '0'),
('161115104715', 0, 8, '10111213181920', '0', '0', '0', '0', '0', '0', '0', '0', '0', '0', '0', '0', '0', '0', '0', '0', '0', '0', '0', '0', '0', '0', '0', '0');

-- --------------------------------------------------------

--
-- Table structure for table `t301116`
--

CREATE TABLE `t301116` (
  `id` varchar(15) NOT NULL,
  `total` int(11) DEFAULT '0',
  `dept` int(11) DEFAULT NULL,
  `time_slot` varchar(24) DEFAULT NULL,
  `t00` varchar(45) DEFAULT '0',
  `t01` varchar(45) DEFAULT '0',
  `t02` varchar(45) DEFAULT '0',
  `t03` varchar(45) DEFAULT '0',
  `t04` varchar(45) DEFAULT '0',
  `t05` varchar(45) DEFAULT '0',
  `t06` varchar(45) DEFAULT '0',
  `t07` varchar(45) DEFAULT '0',
  `t08` varchar(45) DEFAULT '0',
  `t09` varchar(45) DEFAULT '0',
  `t10` varchar(45) DEFAULT '0',
  `t11` varchar(45) DEFAULT '0',
  `t12` varchar(45) DEFAULT '0',
  `t13` varchar(45) DEFAULT '0',
  `t14` varchar(45) DEFAULT '0',
  `t15` varchar(45) DEFAULT '0',
  `t16` varchar(45) DEFAULT '0',
  `t17` varchar(45) DEFAULT '0',
  `t18` varchar(45) DEFAULT '0',
  `t19` varchar(45) DEFAULT '0',
  `t20` varchar(45) DEFAULT '0',
  `t21` varchar(45) DEFAULT '0',
  `t22` varchar(45) DEFAULT '0',
  `t23` varchar(45) DEFAULT '0'
) ENGINE=InnoDB DEFAULT CHARSET=latin1;

--
-- Dumping data for table `t301116`
--

INSERT INTO `t301116` (`id`, `total`, `dept`, `time_slot`, `t00`, `t01`, `t02`, `t03`, `t04`, `t05`, `t06`, `t07`, `t08`, `t09`, `t10`, `t11`, `t12`, `t13`, `t14`, `t15`, `t16`, `t17`, `t18`, `t19`, `t20`, `t21`, `t22`, `t23`) VALUES
('160820032654', 0, 1, '080910141516', '0', '0', '0', '0', '0', '0', '0', '0', '0', '0', '0', '0', '0', '0', '0', '0', '0', '0', '0', '0', '0', '0', '0', '0'),
('160821121720', 0, 1, '111213171819', '0', '0', '0', '0', '0', '0', '0', '0', '0', '0', '0', '0', '0', '0', '0', '0', '0', '0', '0', '0', '0', '0', '0', '0'),
('161103095631', 0, 2, '121314152021', '0', '0', '0', '0', '0', '0', '0', '0', '0', '0', '0', '0', '0', '0', '0', '0', '0', '0', '0', '0', '0', '0', '0', '0'),
('161103095752', 0, 2, '080910141516', '0', '0', '0', '0', '0', '0', '0', '0', '0', '0', '0', '0', '0', '0', '0', '0', '0', '0', '0', '0', '0', '0', '0', '0'),
('161103095817', 0, 2, '111213171819', '0', '0', '0', '0', '0', '0', '0', '0', '0', '0', '0', '0', '0', '0', '0', '0', '0', '0', '0', '0', '0', '0', '0', '0'),
('161103095858', 0, 3, '080910141516', '0', '0', '0', '0', '0', '0', '0', '0', '0', '0', '0', '0', '0', '0', '0', '0', '0', '0', '0', '0', '0', '0', '0', '0'),
('161103095922', 0, 3, '111213171819', '0', '0', '0', '0', '0', '0', '0', '0', '0', '0', '0', '0', '0', '0', '0', '0', '0', '0', '0', '0', '0', '0', '0', '0'),
('161103100035', 0, 4, '080910141516', '0', '0', '0', '0', '0', '0', '0', '0', '0', '0', '0', '0', '0', '0', '0', '0', '0', '0', '0', '0', '0', '0', '0', '0'),
('161103100115', 0, 4, '111213171819', '0', '0', '0', '0', '0', '0', '0', '0', '0', '0', '0', '0', '0', '0', '0', '0', '0', '0', '0', '0', '0', '0', '0', '0'),
('161103100320', 0, 4, '121314152021', '0', '0', '0', '0', '0', '0', '0', '0', '0', '0', '0', '0', '0', '0', '0', '0', '0', '0', '0', '0', '0', '0', '0', '0'),
('161103100445', 0, 5, '080910141516', '0', '0', '0', '0', '0', '0', '0', '0', '0', '0', '0', '0', '0', '0', '0', '0', '0', '0', '0', '0', '0', '0', '0', '0'),
('161103100509', 0, 5, '111213171819', '0', '0', '0', '0', '0', '0', '0', '0', '0', '0', '0', '0', '0', '0', '0', '0', '0', '0', '0', '0', '0', '0', '0', '0'),
('161103100537', 0, 5, '121314152021', '0', '0', '0', '0', '0', '0', '0', '0', '0', '0', '0', '0', '0', '0', '0', '0', '0', '0', '0', '0', '0', '0', '0', '0'),
('161103100723', 0, 6, '080910141516', '0', '0', '0', '0', '0', '0', '0', '0', '0', '0', '0', '0', '0', '0', '0', '0', '0', '0', '0', '0', '0', '0', '0', '0'),
('161103100747', 0, 6, '111213171819', '0', '0', '0', '0', '0', '0', '0', '0', '0', '0', '0', '0', '0', '0', '0', '0', '0', '0', '0', '0', '0', '0', '0', '0'),
('161103100809', 0, 6, '121314152021', '0', '0', '0', '0', '0', '0', '0', '0', '0', '0', '0', '0', '0', '0', '0', '0', '0', '0', '0', '0', '0', '0', '0', '0'),
('161103100903', 0, 7, '101112161718202122', '0', '0', '0', '0', '0', '0', '0', '0', '0', '0', '0', '0', '0', '0', '0', '0', '0', '0', '0', '0', '0', '0', '0', '0'),
('161115104715', 0, 8, '10111213181920', '0', '0', '0', '0', '0', '0', '0', '0', '0', '0', '0', '0', '0', '0', '0', '0', '0', '0', '0', '0', '0', '0', '0', '0');

--
-- Indexes for dumped tables
--

--
-- Indexes for table `dept`
--
ALTER TABLE `dept`
  ADD PRIMARY KEY (`id`);

--
-- Indexes for table `doctor`
--
ALTER TABLE `doctor`
  ADD PRIMARY KEY (`id`);

--
-- Indexes for table `t011216`
--
ALTER TABLE `t011216`
  ADD PRIMARY KEY (`id`);

--
-- Indexes for table `t021216`
--
ALTER TABLE `t021216`
  ADD PRIMARY KEY (`id`);

--
-- Indexes for table `t031216`
--
ALTER TABLE `t031216`
  ADD PRIMARY KEY (`id`);

--
-- Indexes for table `t041216`
--
ALTER TABLE `t041216`
  ADD PRIMARY KEY (`id`);

--
-- Indexes for table `t051216`
--
ALTER TABLE `t051216`
  ADD PRIMARY KEY (`id`);

--
-- Indexes for table `t061216`
--
ALTER TABLE `t061216`
  ADD PRIMARY KEY (`id`);

--
-- Indexes for table `t071216`
--
ALTER TABLE `t071216`
  ADD PRIMARY KEY (`id`);

--
-- Indexes for table `t181116`
--
ALTER TABLE `t181116`
  ADD PRIMARY KEY (`id`);

--
-- Indexes for table `t191116`
--
ALTER TABLE `t191116`
  ADD PRIMARY KEY (`id`);

--
-- Indexes for table `t201116`
--
ALTER TABLE `t201116`
  ADD PRIMARY KEY (`id`);

--
-- Indexes for table `t211116`
--
ALTER TABLE `t211116`
  ADD PRIMARY KEY (`id`);

--
-- Indexes for table `t221116`
--
ALTER TABLE `t221116`
  ADD PRIMARY KEY (`id`);

--
-- Indexes for table `t231116`
--
ALTER TABLE `t231116`
  ADD PRIMARY KEY (`id`);

--
-- Indexes for table `t241116`
--
ALTER TABLE `t241116`
  ADD PRIMARY KEY (`id`);

--
-- Indexes for table `t251116`
--
ALTER TABLE `t251116`
  ADD PRIMARY KEY (`id`);

--
-- Indexes for table `t261116`
--
ALTER TABLE `t261116`
  ADD PRIMARY KEY (`id`);

--
-- Indexes for table `t271116`
--
ALTER TABLE `t271116`
  ADD PRIMARY KEY (`id`);

--
-- Indexes for table `t281116`
--
ALTER TABLE `t281116`
  ADD PRIMARY KEY (`id`);

--
-- Indexes for table `t291116`
--
ALTER TABLE `t291116`
  ADD PRIMARY KEY (`id`);

--
-- Indexes for table `t301116`
--
ALTER TABLE `t301116`
  ADD PRIMARY KEY (`id`);

/*!40101 SET CHARACTER_SET_CLIENT=@OLD_CHARACTER_SET_CLIENT */;
/*!40101 SET CHARACTER_SET_RESULTS=@OLD_CHARACTER_SET_RESULTS */;
/*!40101 SET COLLATION_CONNECTION=@OLD_COLLATION_CONNECTION */;
